File Name,Target ID,Gender,Race,Age,Face++ Gender,Face++ Age,Face++ Emotion,Face++ Smiling
5dd09cafdef8b400084dc538_male_white_young-adult.jpeg,5dd09cafdef8b400084dc538,male,white,young-adult,Male,35,happiness,False
5dd09a82def8b400084dad1e_male_asian_young-adult.jpeg,5dd09a82def8b400084dad1e,male,asian,young-adult,Male,24,neutral,False
5dd09c9ddef8b400084dc480_female_latino_young-adult.jpeg,5dd09c9ddef8b400084dc480,female,latino,young-adult,Female,21,happiness,False
5dd09285def8b400084d4a15_male_asian_child.jpeg,5dd09285def8b400084d4a15,male,asian,child,Female,18,neutral,False
5dd09c13def8b400084dbe85_male_black_young-adult.jpeg,5dd09c13def8b400084dbe85,male,black,young-adult,Female,23,happiness,True
5dd09cb0def8b400084dc541_female_asian_young-adult.jpeg,5dd09cb0def8b400084dc541,female,asian,young-adult,Female,21,neutral,True
5dd09c81def8b400084dc345_female_white_elderly.jpeg,5dd09c81def8b400084dc345,female,white,elderly,Female,65,happiness,True
5dd098d7def8b400084d99d1_female_asian_child.jpeg,5dd098d7def8b400084d99d1,female,asian,child,Female,26,happiness,True
5dd09ca8def8b400084dc4ef_female_latino_young-adult.jpeg,5dd09ca8def8b400084dc4ef,female,latino,young-adult,Female,25,happiness,True
5dd09bbcdef8b400084dbaca_male_white_infant.jpeg,5dd09bbcdef8b400084dbaca,male,white,infant,Female,21,neutral,False
5dd09cb2def8b400084dc559_female_white_young-adult.jpeg,5dd09cb2def8b400084dc559,female,white,young-adult,Female,23,happiness,True
5dd0997bdef8b400084da153_female_white_infant.jpeg,5dd0997bdef8b400084da153,female,white,infant,Male,4,happiness,True
5dd09c95def8b400084dc422_male_latino_adult.jpeg,5dd09c95def8b400084dc422,male,latino,adult,Male,25,happiness,True
5dd09cafdef8b400084dc53c_male_white_young-adult.jpeg,5dd09cafdef8b400084dc53c,male,white,young-adult,Male,23,happiness,True
5dd09c5fdef8b400084dc1cf_male_white_elderly.jpeg,5dd09c5fdef8b400084dc1cf,male,white,elderly,Male,44,happiness,True
5dd09bc4def8b400084dbb23_male_asian_young-adult.jpeg,5dd09bc4def8b400084dbb23,male,asian,young-adult,Female,37,happiness,True
5dd09cb1def8b400084dc54d_female_white_child.jpeg,5dd09cb1def8b400084dc54d,female,white,child,Female,19,happiness,True
5dd091ebdef8b400084d41e9_female_black_adult.jpeg,5dd091ebdef8b400084d41e9,female,black,adult,Female,35,happiness,True
5dd09c23def8b400084dbf38_female_white_elderly.jpeg,5dd09c23def8b400084dbf38,female,white,elderly,Female,51,disgust,True
5dd09837def8b400084d9271_female_black_adult.jpeg,5dd09837def8b400084d9271,female,black,adult,Female,33,happiness,True
5dd09887def8b400084d9621_male_asian_child.jpeg,5dd09887def8b400084d9621,male,asian,child,Female,20,happiness,True
5dd09be6def8b400084dbc9b_male_black_child.jpeg,5dd09be6def8b400084dbc9b,male,black,child,Female,19,surprise,False
5dd09ca8def8b400084dc4e9_male_latino_young-adult.jpeg,5dd09ca8def8b400084dc4e9,male,latino,young-adult,Male,26,happiness,True
5dd09b6bdef8b400084db749_female_asian_child.jpeg,5dd09b6bdef8b400084db749,female,asian,child,Female,19,happiness,True
5dd09cb2def8b400084dc560_female_white_child.jpeg,5dd09cb2def8b400084dc560,female,white,child,Female,20,happiness,True
5dd09a51def8b400084daae6_female_asian_child.jpeg,5dd09a51def8b400084daae6,female,asian,child,Male,18,sadness,False
5dd094e1def8b400084d693e_female_latino_child.jpeg,5dd094e1def8b400084d693e,female,latino,child,Female,21,neutral,False
5dd0951cdef8b400084d6c41_female_latino_child.jpeg,5dd0951cdef8b400084d6c41,female,latino,child,Female,23,happiness,True
5dd09ca4def8b400084dc4c8_female_latino_young-adult.jpeg,5dd09ca4def8b400084dc4c8,female,latino,young-adult,Female,30,happiness,True
5dd09c9ddef8b400084dc47f_female_asian_young-adult.jpeg,5dd09c9ddef8b400084dc47f,female,asian,young-adult,Female,22,happiness,True
5dd09c9edef8b400084dc489_female_asian_young-adult.jpeg,5dd09c9edef8b400084dc489,female,asian,young-adult,Female,22,happiness,True
5dd09ca9def8b400084dc4fb_male_asian_child.jpeg,5dd09ca9def8b400084dc4fb,male,asian,child,Male,15,surprise,True
5dd09bccdef8b400084dbb81_female_white_elderly.jpeg,5dd09bccdef8b400084dbb81,female,white,elderly,Female,66,happiness,True
5dd09c99def8b400084dc44e_male_white_elderly.jpeg,5dd09c99def8b400084dc44e,male,white,elderly,Male,46,happiness,True
5dd09c7edef8b400084dc322_male_white_elderly.jpeg,5dd09c7edef8b400084dc322,male,white,elderly,Male,66,neutral,False
5dd09c16def8b400084dbea8_female_white_infant.jpeg,5dd09c16def8b400084dbea8,female,white,infant,Male,5,neutral,False
5dd09caadef8b400084dc502_male_white_child.jpeg,5dd09caadef8b400084dc502,male,white,child,Male,20,happiness,True
5dd09c82def8b400084dc34f_female_white_elderly.jpeg,5dd09c82def8b400084dc34f,female,white,elderly,Female,46,happiness,True
5dd09a0bdef8b400084da7c3_female_white_infant.jpeg,5dd09a0bdef8b400084da7c3,female,white,infant,Female,4,surprise,False
5dd09ca3def8b400084dc4be_male_latino_young-adult.jpeg,5dd09ca3def8b400084dc4be,male,latino,young-adult,Male,22,happiness,True
5dd09ca1def8b400084dc4ab_female_white_adult.jpeg,5dd09ca1def8b400084dc4ab,female,white,adult,Female,45,happiness,True
5dd09ca0def8b400084dc498_female_white_child.jpeg,5dd09ca0def8b400084dc498,female,white,child,Female,14,happiness,True
5dd09cacdef8b400084dc518_female_white_child.jpeg,5dd09cacdef8b400084dc518,female,white,child,Female,15,happiness,True
5dd09c47def8b400084dc0ca_male_latino_adult.jpeg,5dd09c47def8b400084dc0ca,male,latino,adult,Male,36,happiness,True
5dd09c84def8b400084dc36d_female_black_young-adult.jpeg,5dd09c84def8b400084dc36d,female,black,young-adult,Female,31,neutral,True
5dd09caedef8b400084dc52c_female_white_child.jpeg,5dd09caedef8b400084dc52c,female,white,child,Female,24,happiness,True
5dd09c85def8b400084dc36f_male_white_child.jpeg,5dd09c85def8b400084dc36f,male,white,child,Male,19,anger,False
5dd08797def8b400084c939d_male_black_child.jpeg,5dd08797def8b400084c939d,male,black,child,Male,19,surprise,False
5dd09cb3def8b400084dc561_female_white_young-adult.jpeg,5dd09cb3def8b400084dc561,female,white,young-adult,Female,19,happiness,True
5dd09cb1def8b400084dc552_female_white_young-adult.jpeg,5dd09cb1def8b400084dc552,female,white,young-adult,Female,24,happiness,True
5dd09516def8b400084d6bf3_female_latino_adult.jpeg,5dd09516def8b400084d6bf3,female,latino,adult,Male,24,neutral,False
5dd09ca4def8b400084dc4c3_female_asian_young-adult.jpeg,5dd09ca4def8b400084dc4c3,female,asian,young-adult,Female,23,happiness,True
5dd09c5bdef8b400084dc1aa_male_black_adult.jpeg,5dd09c5bdef8b400084dc1aa,male,black,adult,Male,46,neutral,False
5dd08deadef8b400084d071f_female_asian_adult.jpeg,5dd08deadef8b400084d071f,female,asian,adult,Female,31,happiness,True
5dd09c68def8b400084dc232_male_black_young-adult.jpeg,5dd09c68def8b400084dc232,male,black,young-adult,Male,29,surprise,False
5dd091eddef8b400084d420e_male_asian_child.jpeg,5dd091eddef8b400084d420e,male,asian,child,Male,8,neutral,False
5dd09c88def8b400084dc399_male_latino_young-adult.jpeg,5dd09c88def8b400084dc399,male,latino,young-adult,Male,26,neutral,True
5dd09adfdef8b400084db139_female_latino_child.jpeg,5dd09adfdef8b400084db139,female,latino,child,Female,20,happiness,True
5dd09b28def8b400084db465_male_asian_young-adult.jpeg,5dd09b28def8b400084db465,male,asian,young-adult,Male,21,happiness,True
5dd09cacdef8b400084dc51d_female_latino_young-adult.jpeg,5dd09cacdef8b400084dc51d,female,latino,young-adult,Female,29,happiness,True
5dd09c32def8b400084dbfe9_male_white_elderly.jpeg,5dd09c32def8b400084dbfe9,male,white,elderly,Male,46,neutral,False
5dd09cb2def8b400084dc55b_female_white_young-adult.jpeg,5dd09cb2def8b400084dc55b,female,white,young-adult,Male,24,happiness,False
5dd09ba1def8b400084db9a1_male_latino_adult.jpeg,5dd09ba1def8b400084db9a1,male,latino,adult,Male,31,surprise,False
5dd09bc1def8b400084dbb08_male_white_infant.jpeg,5dd09bc1def8b400084dbb08,male,white,infant,Male,3,surprise,False
5dd09cabdef8b400084dc50e_male_latino_adult.jpeg,5dd09cabdef8b400084dc50e,male,latino,adult,Male,32,happiness,True
5dd09bc6def8b400084dbb40_male_asian_young-adult.jpeg,5dd09bc6def8b400084dbb40,male,asian,young-adult,Male,26,happiness,True
5dd099dbdef8b400084da59a_female_black_adult.jpeg,5dd099dbdef8b400084da59a,female,black,adult,Female,30,happiness,True
5dd09bb0def8b400084dba43_female_white_infant.jpeg,5dd09bb0def8b400084dba43,female,white,infant,Male,6,neutral,False
5dd09cb2def8b400084dc558_female_white_young-adult.jpeg,5dd09cb2def8b400084dc558,female,white,young-adult,Female,22,happiness,True
5dd0992fdef8b400084d9dd9_female_latino_child.jpeg,5dd0992fdef8b400084d9dd9,female,latino,child,Female,18,happiness,True
5dd09ae6def8b400084db17e_male_white_infant.jpeg,5dd09ae6def8b400084db17e,male,white,infant,Male,8,happiness,True
5dd0972cdef8b400084d8604_male_asian_child.jpeg,5dd0972cdef8b400084d8604,male,asian,child,Male,13,happiness,True
5dd09a33def8b400084da988_male_black_adult.jpeg,5dd09a33def8b400084da988,male,black,adult,Male,50,happiness,True
5dd09b4cdef8b400084db5e7_male_latino_adult.jpeg,5dd09b4cdef8b400084db5e7,male,latino,adult,Male,37,neutral,False
5dd09764def8b400084d88a4_female_latino_adult.jpeg,5dd09764def8b400084d88a4,female,latino,adult,Female,34,happiness,False
5dd09ca3def8b400084dc4b8_female_white_child.jpeg,5dd09ca3def8b400084dc4b8,female,white,child,Female,25,happiness,True
5dd09c3bdef8b400084dc046_female_black_young-adult.jpeg,5dd09c3bdef8b400084dc046,female,black,young-adult,Female,24,neutral,False
5dd09845def8b400084d9315_male_latino_child.jpeg,5dd09845def8b400084d9315,male,latino,child,Female,21,neutral,True
5dd09ca5def8b400084dc4cf_female_latino_young-adult.jpeg,5dd09ca5def8b400084dc4cf,female,latino,young-adult,Female,27,happiness,True
5dd09c9fdef8b400084dc490_male_white_adult.jpeg,5dd09c9fdef8b400084dc490,male,white,adult,Male,36,neutral,True
5dd09cb3def8b400084dc569_female_white_young-adult.jpeg,5dd09cb3def8b400084dc569,female,white,young-adult,Female,26,happiness,True
5dd09c96def8b400084dc42c_male_white_child.jpeg,5dd09c96def8b400084dc42c,male,white,child,Male,8,surprise,False
5dd09c9adef8b400084dc45d_male_white_adult.jpeg,5dd09c9adef8b400084dc45d,male,white,adult,Male,26,happiness,True
5dd09cb1def8b400084dc554_male_white_young-adult.jpeg,5dd09cb1def8b400084dc554,male,white,young-adult,Male,45,happiness,True
5dd09ca6def8b400084dc4d5_female_latino_child.jpeg,5dd09ca6def8b400084dc4d5,female,latino,child,Female,19,neutral,False
5dd09c9cdef8b400084dc46b_female_white_adult.jpeg,5dd09c9cdef8b400084dc46b,female,white,adult,Female,62,happiness,True
5dd083b5def8b400084c30c5_female_asian_adult.jpeg,5dd083b5def8b400084c30c5,female,asian,adult,Female,42,happiness,True
5dd09c7edef8b400084dc324_male_latino_young-adult.jpeg,5dd09c7edef8b400084dc324,male,latino,young-adult,Male,26,neutral,True
5dd096afdef8b400084d800c_female_latino_adult.jpeg,5dd096afdef8b400084d800c,female,latino,adult,Female,38,happiness,True
5dd09571def8b400084d7078_male_latino_child.jpeg,5dd09571def8b400084d7078,male,latino,child,Female,19,happiness,True
5dd09c80def8b400084dc341_male_white_child.jpeg,5dd09c80def8b400084dc341,male,white,child,Female,25,happiness,True
5dd09caedef8b400084dc534_female_white_child.jpeg,5dd09caedef8b400084dc534,female,white,child,Female,22,happiness,True
5dd09caddef8b400084dc522_female_latino_young-adult.jpeg,5dd09caddef8b400084dc522,female,latino,young-adult,Female,26,happiness,True
5dd09c9edef8b400084dc485_male_white_elderly.jpeg,5dd09c9edef8b400084dc485,male,white,elderly,Male,33,neutral,False
5dd09c8adef8b400084dc3a6_female_black_young-adult.jpeg,5dd09c8adef8b400084dc3a6,female,black,young-adult,Female,29,happiness,True
5dd08b6bdef8b400084cdda5_female_black_adult.jpeg,5dd08b6bdef8b400084cdda5,female,black,adult,Female,34,happiness,False
5dd09c86def8b400084dc384_male_black_young-adult.jpeg,5dd09c86def8b400084dc384,male,black,young-adult,Male,35,happiness,True
5dd09cb3def8b400084dc56b_female_white_adult.jpeg,5dd09cb3def8b400084dc56b,female,white,adult,Female,43,happiness,True
5dd09c1cdef8b400084dbeee_male_white_infant.jpeg,5dd09c1cdef8b400084dbeee,male,white,infant,Male,12,happiness,True
5dd093d2def8b400084d5b65_male_black_adult.jpeg,5dd093d2def8b400084d5b65,male,black,adult,Male,44,happiness,True
5dd09ca9def8b400084dc4f2_male_white_child.jpeg,5dd09ca9def8b400084dc4f2,male,white,child,Female,10,neutral,False
5dd09ca9def8b400084dc4f4_female_white_adult.jpeg,5dd09ca9def8b400084dc4f4,female,white,adult,Female,41,happiness,True
5dd09c7ddef8b400084dc317_male_white_elderly.jpeg,5dd09c7ddef8b400084dc317,male,white,elderly,Male,58,surprise,False
5dd09c11def8b400084dbe74_male_black_young-adult.jpeg,5dd09c11def8b400084dbe74,male,black,young-adult,Male,26,happiness,True
5dd095a9def8b400084d7346_male_black_adult.jpeg,5dd095a9def8b400084d7346,male,black,adult,Male,27,neutral,False
5dd09c95def8b400084dc428_male_latino_young-adult.jpeg,5dd09c95def8b400084dc428,male,latino,young-adult,Male,37,happiness,True
5dd09ca6def8b400084dc4d3_female_latino_young-adult.jpeg,5dd09ca6def8b400084dc4d3,female,latino,young-adult,Female,28,happiness,True
5dd09ca5def8b400084dc4d0_female_latino_young-adult.jpeg,5dd09ca5def8b400084dc4d0,female,latino,young-adult,Female,19,surprise,False
5dd098b9def8b400084d987b_male_black_adult.jpeg,5dd098b9def8b400084d987b,male,black,adult,Male,30,surprise,False
5dd08a64def8b400084ccae7_female_black_adult.jpeg,5dd08a64def8b400084ccae7,female,black,adult,Female,36,neutral,True
5dd09c3ddef8b400084dc05b_female_white_elderly.jpeg,5dd09c3ddef8b400084dc05b,female,white,elderly,Male,54,happiness,True
5dd09985def8b400084da1be_male_white_infant.jpeg,5dd09985def8b400084da1be,male,white,infant,Male,7,sadness,False
5dd09ca6def8b400084dc4d8_female_white_child.jpeg,5dd09ca6def8b400084dc4d8,female,white,child,Male,13,happiness,True
5dd09c9adef8b400084dc45e_male_white_adult.jpeg,5dd09c9adef8b400084dc45e,male,white,adult,Male,33,happiness,True
5dd09c02def8b400084dbdca_female_latino_adult.jpeg,5dd09c02def8b400084dbdca,female,latino,adult,Female,33,happiness,True
5dd09287def8b400084d4a31_female_latino_child.jpeg,5dd09287def8b400084d4a31,female,latino,child,Female,20,happiness,True
5dd09ca4def8b400084dc4c4_female_asian_young-adult.jpeg,5dd09ca4def8b400084dc4c4,female,asian,young-adult,Female,24,neutral,False
5dd093b7def8b400084d5a04_male_black_adult.jpeg,5dd093b7def8b400084d5a04,male,black,adult,Male,42,happiness,True
5dd095dfdef8b400084d75f7_male_black_adult.jpeg,5dd095dfdef8b400084d75f7,male,black,adult,Male,22,surprise,False
5dd09b90def8b400084db8e7_male_white_infant.jpeg,5dd09b90def8b400084db8e7,male,white,infant,Male,7,happiness,False
5dd091e2def8b400084d4174_female_black_adult.jpeg,5dd091e2def8b400084d4174,female,black,adult,Female,40,happiness,True
5dd09be4def8b400084dbc84_male_latino_child.jpeg,5dd09be4def8b400084dbc84,male,latino,child,Male,10,happiness,True
5dd09c76def8b400084dc2d3_male_latino_adult.jpeg,5dd09c76def8b400084dc2d3,male,latino,adult,Male,29,happiness,True
5dd09cb0def8b400084dc548_male_white_young-adult.jpeg,5dd09cb0def8b400084dc548,male,white,young-adult,Male,22,happiness,True
5dd09c85def8b400084dc374_male_latino_young-adult.jpeg,5dd09c85def8b400084dc374,male,latino,young-adult,Male,23,neutral,False
5dd09cb2def8b400084dc55e_male_white_young-adult.jpeg,5dd09cb2def8b400084dc55e,male,white,young-adult,Male,19,neutral,False
5dd09cb4def8b400084dc56c_female_white_young-adult.jpeg,5dd09cb4def8b400084dc56c,female,white,young-adult,Female,24,happiness,True
5dd09c6cdef8b400084dc261_male_white_elderly.jpeg,5dd09c6cdef8b400084dc261,male,white,elderly,Male,54,happiness,True
5dd09cb4def8b400084dc56f_male_white_young-adult.jpeg,5dd09cb4def8b400084dc56f,male,white,young-adult,Male,26,happiness,True
5dd09c9cdef8b400084dc471_female_white_elderly.jpeg,5dd09c9cdef8b400084dc471,female,white,elderly,Female,40,happiness,True
5dd09c9edef8b400084dc487_female_asian_young-adult.jpeg,5dd09c9edef8b400084dc487,female,asian,young-adult,Female,34,happiness,False
5dd09afbdef8b400084db264_female_white_infant.jpeg,5dd09afbdef8b400084db264,female,white,infant,Male,10,happiness,True
5dd09937def8b400084d9e37_male_latino_child.jpeg,5dd09937def8b400084d9e37,male,latino,child,Male,18,surprise,False
5dd09ac3def8b400084daff9_female_white_infant.jpeg,5dd09ac3def8b400084daff9,female,white,infant,Male,5,happiness,True
5dd09ca2def8b400084dc4b5_female_asian_young-adult.jpeg,5dd09ca2def8b400084dc4b5,female,asian,young-adult,Female,22,neutral,False
5dd09b4bdef8b400084db5e5_female_white_infant.jpeg,5dd09b4bdef8b400084db5e5,female,white,infant,Male,10,neutral,False
5dd09c37def8b400084dc016_male_black_young-adult.jpeg,5dd09c37def8b400084dc016,male,black,young-adult,Male,29,happiness,True
5dd09509def8b400084d6b48_male_asian_child.jpeg,5dd09509def8b400084d6b48,male,asian,child,Female,24,happiness,True
5dd0987adef8b400084d9595_female_asian_child.jpeg,5dd0987adef8b400084d9595,female,asian,child,Female,17,neutral,False
5dd0969cdef8b400084d7f1e_male_latino_child.jpeg,5dd0969cdef8b400084d7f1e,male,latino,child,Male,19,neutral,False
5dd09c18def8b400084dbec2_male_black_young-adult.jpeg,5dd09c18def8b400084dbec2,male,black,young-adult,Male,28,happiness,True
5dd09ca9def8b400084dc4f7_male_latino_young-adult.jpeg,5dd09ca9def8b400084dc4f7,male,latino,young-adult,Male,23,happiness,True
5dd09c8cdef8b400084dc3c1_male_black_young-adult.jpeg,5dd09c8cdef8b400084dc3c1,male,black,young-adult,Male,22,happiness,True
5dd09038def8b400084d29d8_female_asian_adult.jpeg,5dd09038def8b400084d29d8,female,asian,adult,Female,38,happiness,False
5dd09c06def8b400084dbdfe_female_black_young-adult.jpeg,5dd09c06def8b400084dbdfe,female,black,young-adult,Female,32,neutral,False
5dd098dadef8b400084d99f1_female_asian_child.jpeg,5dd098dadef8b400084d99f1,female,asian,child,Female,21,happiness,True
5dd09cacdef8b400084dc51b_female_latino_young-adult.jpeg,5dd09cacdef8b400084dc51b,female,latino,young-adult,Female,33,happiness,True
5dd09c9ddef8b400084dc479_female_latino_young-adult.jpeg,5dd09c9ddef8b400084dc479,female,latino,young-adult,Female,21,happiness,True
5dd09ca7def8b400084dc4de_male_white_elderly.jpeg,5dd09ca7def8b400084dc4de,male,white,elderly,Male,64,happiness,True
5dd09cacdef8b400084dc516_male_white_adult.jpeg,5dd09cacdef8b400084dc516,male,white,adult,Male,53,neutral,True
5dd09c17def8b400084dbebb_female_latino_adult.jpeg,5dd09c17def8b400084dbebb,female,latino,adult,Female,27,happiness,True
5dd096d2def8b400084d81b8_male_latino_child.jpeg,5dd096d2def8b400084d81b8,male,latino,child,Female,22,happiness,True
5dd0994adef8b400084d9f10_female_asian_child.jpeg,5dd0994adef8b400084d9f10,female,asian,child,Female,25,happiness,True
5dd09266def8b400084d486b_male_latino_child.jpeg,5dd09266def8b400084d486b,male,latino,child,Female,21,neutral,False
5dd09b85def8b400084db86e_male_latino_adult.jpeg,5dd09b85def8b400084db86e,male,latino,adult,Male,33,happiness,False
5dd09ca7def8b400084dc4e0_male_white_child.jpeg,5dd09ca7def8b400084dc4e0,male,white,child,Female,23,happiness,True
5dd09caedef8b400084dc52e_male_white_adult.jpeg,5dd09caedef8b400084dc52e,male,white,adult,Male,53,happiness,True
5dd09c55def8b400084dc15c_female_black_young-adult.jpeg,5dd09c55def8b400084dc15c,female,black,young-adult,Female,28,happiness,True
5dd08728def8b400084c8a23_female_asian_adult.jpeg,5dd08728def8b400084c8a23,female,asian,adult,Female,34,happiness,True
5dd08950def8b400084cb699_female_asian_adult.jpeg,5dd08950def8b400084cb699,female,asian,adult,Female,28,happiness,True
5dd093ebdef8b400084d5cae_female_latino_adult.jpeg,5dd093ebdef8b400084d5cae,female,latino,adult,Male,28,happiness,True
5dd09c06def8b400084dbdfa_male_black_young-adult.jpeg,5dd09c06def8b400084dbdfa,male,black,young-adult,Female,24,happiness,False
5dd09ca7def8b400084dc4dc_female_white_child.jpeg,5dd09ca7def8b400084dc4dc,female,white,child,Female,23,neutral,False
5dd09b65def8b400084db703_female_black_adult.jpeg,5dd09b65def8b400084db703,female,black,adult,Female,41,happiness,True
5dd093fbdef8b400084d5d85_male_latino_child.jpeg,5dd093fbdef8b400084d5d85,male,latino,child,Male,11,neutral,False
5dd094b0def8b400084d66c5_female_latino_child.jpeg,5dd094b0def8b400084d66c5,female,latino,child,Female,22,happiness,True
5dd09c22def8b400084dbf34_male_black_young-adult.jpeg,5dd09c22def8b400084dbf34,male,black,young-adult,Male,23,surprise,False
5dd09c7bdef8b400084dc301_female_black_young-adult.jpeg,5dd09c7bdef8b400084dc301,female,black,young-adult,Female,26,happiness,True
5dd09c97def8b400084dc43a_male_white_adult.jpeg,5dd09c97def8b400084dc43a,male,white,adult,Male,35,happiness,True
5dd09c67def8b400084dc229_female_white_elderly.jpeg,5dd09c67def8b400084dc229,female,white,elderly,Female,67,happiness,True
5dd09b7cdef8b400084db80c_male_latino_adult.jpeg,5dd09b7cdef8b400084db80c,male,latino,adult,Male,39,neutral,False
5dd09c1adef8b400084dbedd_female_black_young-adult.jpeg,5dd09c1adef8b400084dbedd,female,black,young-adult,Female,25,happiness,True
5dd09c6fdef8b400084dc286_male_white_elderly.jpeg,5dd09c6fdef8b400084dc286,male,white,elderly,Male,52,happiness,True
5dd097a6def8b400084d8bb6_male_black_adult.jpeg,5dd097a6def8b400084d8bb6,male,black,adult,Male,29,happiness,True
5dd09ca1def8b400084dc4a9_female_white_adult.jpeg,5dd09ca1def8b400084dc4a9,female,white,adult,Female,35,happiness,True
5dd09c20def8b400084dbf1e_female_black_young-adult.jpeg,5dd09c20def8b400084dbf1e,female,black,young-adult,Female,27,happiness,True
5dd09466def8b400084d6305_female_latino_child.jpeg,5dd09466def8b400084d6305,female,latino,child,Female,25,happiness,True
5dd09cafdef8b400084dc536_male_white_young-adult.jpeg,5dd09cafdef8b400084dc536,male,white,young-adult,Male,23,happiness,True
5dd0992bdef8b400084d9daf_female_asian_child.jpeg,5dd0992bdef8b400084d9daf,female,asian,child,Female,22,neutral,True
5dd093ebdef8b400084d5cab_male_black_adult.jpeg,5dd093ebdef8b400084d5cab,male,black,adult,Male,52,anger,False
5dd09ca8def8b400084dc4ed_female_white_adult.jpeg,5dd09ca8def8b400084dc4ed,female,white,adult,Female,39,happiness,True
5dd09b1edef8b400084db3ee_female_latino_child.jpeg,5dd09b1edef8b400084db3ee,female,latino,child,Female,22,happiness,True
5dd09c95def8b400084dc420_female_black_young-adult.jpeg,5dd09c95def8b400084dc420,female,black,young-adult,Female,26,happiness,True
5dd09c0adef8b400084dbe2a_male_latino_adult.jpeg,5dd09c0adef8b400084dbe2a,male,latino,adult,Male,29,happiness,True
5dd09b4ddef8b400084db5f7_female_asian_child.jpeg,5dd09b4ddef8b400084db5f7,female,asian,child,Female,21,happiness,True
5dd09b64def8b400084db6f6_male_asian_young-adult.jpeg,5dd09b64def8b400084db6f6,male,asian,young-adult,Female,21,happiness,True
5dd09b6fdef8b400084db779_male_latino_adult.jpeg,5dd09b6fdef8b400084db779,male,latino,adult,Male,29,neutral,True
5dd09c7adef8b400084dc2fd_male_white_child.jpeg,5dd09c7adef8b400084dc2fd,male,white,child,Male,20,disgust,True
5dd09c0fdef8b400084dbe61_female_black_young-adult.jpeg,5dd09c0fdef8b400084dbe61,female,black,young-adult,Female,28,happiness,True
5dd09c17def8b400084dbeb4_male_white_infant.jpeg,5dd09c17def8b400084dbeb4,male,white,infant,Female,4,happiness,True
5dd09ca2def8b400084dc4af_female_white_adult.jpeg,5dd09ca2def8b400084dc4af,female,white,adult,Female,46,happiness,True
5dd09a86def8b400084dad4a_female_white_infant.jpeg,5dd09a86def8b400084dad4a,female,white,infant,Male,7,surprise,False
5dd088d4def8b400084cad1c_female_asian_adult.jpeg,5dd088d4def8b400084cad1c,female,asian,adult,Female,30,surprise,True
5dd09affdef8b400084db291_female_asian_child.jpeg,5dd09affdef8b400084db291,female,asian,child,Female,18,happiness,True
5dd09678def8b400084d7d6b_male_black_adult.jpeg,5dd09678def8b400084d7d6b,male,black,adult,Male,43,surprise,False
5dd095d4def8b400084d756c_male_latino_child.jpeg,5dd095d4def8b400084d756c,male,latino,child,Male,19,neutral,False
5dd09ca3def8b400084dc4bf_female_white_child.jpeg,5dd09ca3def8b400084dc4bf,female,white,child,Female,19,happiness,True
5dd09ca3def8b400084dc4b9_male_white_child.jpeg,5dd09ca3def8b400084dc4b9,male,white,child,Male,24,happiness,True
5dd09cb3def8b400084dc56a_female_white_young-adult.jpeg,5dd09cb3def8b400084dc56a,female,white,young-adult,Female,29,happiness,True
5dd09c36def8b400084dc011_female_latino_adult.jpeg,5dd09c36def8b400084dc011,female,latino,adult,Female,42,happiness,True
5dd09059def8b400084d2bbe_female_black_adult.jpeg,5dd09059def8b400084d2bbe,female,black,adult,Female,53,happiness,True
5dd098d4def8b400084d99b3_male_white_infant.jpeg,5dd098d4def8b400084d99b3,male,white,infant,Male,5,neutral,False
5dd09bcddef8b400084dbb86_female_asian_child.jpeg,5dd09bcddef8b400084dbb86,female,asian,child,Female,10,happiness,True
5dd09361def8b400084d5590_female_black_adult.jpeg,5dd09361def8b400084d5590,female,black,adult,Female,40,happiness,True
5dd092efdef8b400084d4f95_female_latino_child.jpeg,5dd092efdef8b400084d4f95,female,latino,child,Female,20,happiness,True
5dd0984fdef8b400084d938c_female_latino_adult.jpeg,5dd0984fdef8b400084d938c,female,latino,adult,Female,35,happiness,True
5dd09a77def8b400084dac9c_male_asian_young-adult.jpeg,5dd09a77def8b400084dac9c,male,asian,young-adult,Female,23,neutral,False
5dd09c81def8b400084dc349_male_latino_young-adult.jpeg,5dd09c81def8b400084dc349,male,latino,young-adult,Male,33,neutral,False
5dd09c84def8b400084dc366_male_latino_young-adult.jpeg,5dd09c84def8b400084dc366,male,latino,young-adult,Male,20,neutral,False
5dd09cb3def8b400084dc563_male_white_young-adult.jpeg,5dd09cb3def8b400084dc563,male,white,young-adult,Male,29,neutral,False
5dd09bcedef8b400084dbb90_female_white_elderly.jpeg,5dd09bcedef8b400084dbb90,female,white,elderly,Female,61,neutral,False
5dd09ca0def8b400084dc499_male_white_elderly.jpeg,5dd09ca0def8b400084dc499,male,white,elderly,Male,48,happiness,False
5dd09caadef8b400084dc506_male_white_adult.jpeg,5dd09caadef8b400084dc506,male,white,adult,Male,37,happiness,True
5dd09c9adef8b400084dc45c_male_latino_young-adult.jpeg,5dd09c9adef8b400084dc45c,male,latino,young-adult,Male,30,happiness,True
5dd09b2cdef8b400084db48c_male_asian_young-adult.jpeg,5dd09b2cdef8b400084db48c,male,asian,young-adult,Male,20,happiness,True
5dd09c93def8b400084dc410_male_asian_young-adult.jpeg,5dd09c93def8b400084dc410,male,asian,young-adult,Male,26,happiness,True
5dd09c9edef8b400084dc482_female_white_adult.jpeg,5dd09c9edef8b400084dc482,female,white,adult,Female,37,happiness,True
5dd09cb1def8b400084dc551_female_white_young-adult.jpeg,5dd09cb1def8b400084dc551,female,white,young-adult,Female,21,neutral,False
5dd09adadef8b400084db0f9_female_white_infant.jpeg,5dd09adadef8b400084db0f9,female,white,infant,Male,7,neutral,False
5dd09c7bdef8b400084dc30b_male_white_child.jpeg,5dd09c7bdef8b400084dc30b,male,white,child,Male,11,happiness,True
5dd09caddef8b400084dc527_female_white_elderly.jpeg,5dd09caddef8b400084dc527,female,white,elderly,Female,48,neutral,False
5dd09ca3def8b400084dc4bb_female_white_adult.jpeg,5dd09ca3def8b400084dc4bb,female,white,adult,Female,57,happiness,False
5dd09c3bdef8b400084dc049_male_latino_child.jpeg,5dd09c3bdef8b400084dc049,male,latino,child,Female,21,happiness,True
5dd0918bdef8b400084d3cb6_male_asian_child.jpeg,5dd0918bdef8b400084d3cb6,male,asian,child,Male,9,happiness,True
5dd09546def8b400084d6e55_female_latino_adult.jpeg,5dd09546def8b400084d6e55,female,latino,adult,Female,48,happiness,True
5dd09caedef8b400084dc530_male_white_young-adult.jpeg,5dd09caedef8b400084dc530,male,white,young-adult,Male,31,neutral,False
5dd09c3cdef8b400084dc04f_female_white_elderly.jpeg,5dd09c3cdef8b400084dc04f,female,white,elderly,Female,67,happiness,True
5dd09cb3def8b400084dc562_female_asian_young-adult.jpeg,5dd09cb3def8b400084dc562,female,asian,young-adult,Female,22,happiness,True
5dd09caadef8b400084dc4ff_female_asian_young-adult.jpeg,5dd09caadef8b400084dc4ff,female,asian,young-adult,Female,23,happiness,True
5dd09cacdef8b400084dc51c_female_white_adult.jpeg,5dd09cacdef8b400084dc51c,female,white,adult,Female,44,happiness,True
5dd0939cdef8b400084d589d_male_asian_child.jpeg,5dd0939cdef8b400084d589d,male,asian,child,Male,21,neutral,False
5dd09c9fdef8b400084dc48f_female_asian_young-adult.jpeg,5dd09c9fdef8b400084dc48f,female,asian,young-adult,Female,25,happiness,True
5dd09805def8b400084d9024_female_latino_adult.jpeg,5dd09805def8b400084d9024,female,latino,adult,Female,53,happiness,True
5dd09a3adef8b400084da9db_male_white_infant.jpeg,5dd09a3adef8b400084da9db,male,white,infant,Male,5,neutral,False
5dd097f7def8b400084d8f7d_male_asian_child.jpeg,5dd097f7def8b400084d8f7d,male,asian,child,Male,7,happiness,True
5dd09c95def8b400084dc424_male_white_child.jpeg,5dd09c95def8b400084dc424,male,white,child,Female,24,happiness,True
5dd0992fdef8b400084d9dd8_male_white_infant.jpeg,5dd0992fdef8b400084d9dd8,male,white,infant,Male,7,neutral,True
5dd08fe1def8b400084d24e1_female_black_adult.jpeg,5dd08fe1def8b400084d24e1,female,black,adult,Female,28,happiness,True
5dd09c52def8b400084dc142_male_black_young-adult.jpeg,5dd09c52def8b400084dc142,male,black,young-adult,Female,20,neutral,False
5dd09cb2def8b400084dc55c_male_white_young-adult.jpeg,5dd09cb2def8b400084dc55c,male,white,young-adult,Male,24,neutral,False
5dd09a78def8b400084daca5_male_asian_young-adult.jpeg,5dd09a78def8b400084daca5,male,asian,young-adult,Male,26,neutral,False
5dd09cb0def8b400084dc546_male_white_adult.jpeg,5dd09cb0def8b400084dc546,male,white,adult,Male,43,happiness,False
5dd0978adef8b400084d8a67_male_asian_child.jpeg,5dd0978adef8b400084d8a67,male,asian,child,Male,6,surprise,False
5dd09ca7def8b400084dc4e1_male_asian_young-adult.jpeg,5dd09ca7def8b400084dc4e1,male,asian,young-adult,Male,25,happiness,True
5dd09c98def8b400084dc442_male_white_adult.jpeg,5dd09c98def8b400084dc442,male,white,adult,Male,24,neutral,False
5dd09cafdef8b400084dc537_male_white_adult.jpeg,5dd09cafdef8b400084dc537,male,white,adult,Male,37,surprise,False
5dd09cb3def8b400084dc565_female_white_young-adult.jpeg,5dd09cb3def8b400084dc565,female,white,young-adult,Female,22,happiness,True
5dd09c49def8b400084dc0de_female_white_infant.jpeg,5dd09c49def8b400084dc0de,female,white,infant,Female,3,surprise,False
