File Name,Target ID,Gender,Race,Age,age_low,age_high,smile_value,smile_confidence,gender_value,gender_confidence,top_emotion
5dd083b5def8b400084c30c5_female_asian_adult.jpeg,5dd083b5def8b400084c30c5,female,asian,adult,22,34,True,93.67620086669922,Female,97.94387817382812,DISGUSTED
5dd08728def8b400084c8a23_female_asian_adult.jpeg,5dd08728def8b400084c8a23,female,asian,adult,27,43,True,99.91429138183594,Female,98.60782623291016,HAPPY
5dd08797def8b400084c939d_male_black_child.jpeg,5dd08797def8b400084c939d,male,black,child,4,14,True,78.14926147460938,Female,67.43306732177734,HAPPY
5dd088d4def8b400084cad1c_female_asian_adult.jpeg,5dd088d4def8b400084cad1c,female,asian,adult,22,34,True,99.40044403076172,Female,97.7589340209961,HAPPY
5dd08950def8b400084cb699_female_asian_adult.jpeg,5dd08950def8b400084cb699,female,asian,adult,17,29,True,99.96287536621094,Female,99.13860321044922,HAPPY
5dd08a64def8b400084ccae7_female_black_adult.jpeg,5dd08a64def8b400084ccae7,female,black,adult,22,34,False,63.103759765625,Female,96.03318786621094,CALM
5dd08b6bdef8b400084cdda5_female_black_adult.jpeg,5dd08b6bdef8b400084cdda5,female,black,adult,20,32,False,95.13047790527344,Female,99.50365447998047,CALM
5dd08deadef8b400084d071f_female_asian_adult.jpeg,5dd08deadef8b400084d071f,female,asian,adult,22,34,True,99.71194458007812,Female,98.6517105102539,HAPPY
5dd08fe1def8b400084d24e1_female_black_adult.jpeg,5dd08fe1def8b400084d24e1,female,black,adult,27,43,True,99.72753143310547,Female,99.9014892578125,HAPPY
5dd09038def8b400084d29d8_female_asian_adult.jpeg,5dd09038def8b400084d29d8,female,asian,adult,26,42,True,67.60936737060547,Female,99.76709747314453,HAPPY
5dd09059def8b400084d2bbe_female_black_adult.jpeg,5dd09059def8b400084d2bbe,female,black,adult,28,44,True,99.94154357910156,Female,99.57482147216797,HAPPY
5dd0918bdef8b400084d3cb6_male_asian_child.jpeg,5dd0918bdef8b400084d3cb6,male,asian,child,4,14,True,99.38990783691406,Male,88.10367584228516,HAPPY
5dd091e2def8b400084d4174_female_black_adult.jpeg,5dd091e2def8b400084d4174,female,black,adult,22,34,True,99.38339233398438,Female,99.71031951904297,HAPPY
5dd091ebdef8b400084d41e9_female_black_adult.jpeg,5dd091ebdef8b400084d41e9,female,black,adult,30,46,True,99.57080841064453,Female,99.69107818603516,HAPPY
5dd091eddef8b400084d420e_male_asian_child.jpeg,5dd091eddef8b400084d420e,male,asian,child,6,16,False,98.10242462158203,Female,51.64387130737305,CALM
5dd09266def8b400084d486b_male_latino_child.jpeg,5dd09266def8b400084d486b,male,latino,child,5,15,False,90.9468994140625,Female,99.09590911865234,CALM
5dd09285def8b400084d4a15_male_asian_child.jpeg,5dd09285def8b400084d4a15,male,asian,child,2,8,False,95.03899383544922,Female,99.89273071289062,CALM
5dd09287def8b400084d4a31_female_latino_child.jpeg,5dd09287def8b400084d4a31,female,latino,child,5,15,True,99.908935546875,Female,99.85211181640625,HAPPY
5dd092efdef8b400084d4f95_female_latino_child.jpeg,5dd092efdef8b400084d4f95,female,latino,child,5,15,True,99.57804870605469,Female,99.95183563232422,HAPPY
5dd09361def8b400084d5590_female_black_adult.jpeg,5dd09361def8b400084d5590,female,black,adult,31,47,True,99.75617218017578,Female,99.75672912597656,HAPPY
5dd0939cdef8b400084d589d_male_asian_child.jpeg,5dd0939cdef8b400084d589d,male,asian,child,14,26,False,97.10901641845703,Female,54.54514694213867,CALM
5dd093b7def8b400084d5a04_male_black_adult.jpeg,5dd093b7def8b400084d5a04,male,black,adult,47,65,True,99.81736755371094,Male,99.19813537597656,HAPPY
5dd093d2def8b400084d5b65_male_black_adult.jpeg,5dd093d2def8b400084d5b65,male,black,adult,22,34,False,95.8267822265625,Male,99.8847427368164,CALM
5dd093ebdef8b400084d5cab_male_black_adult.jpeg,5dd093ebdef8b400084d5cab,male,black,adult,35,51,False,99.71830749511719,Male,99.51158905029297,CALM
5dd093ebdef8b400084d5cae_female_latino_adult.jpeg,5dd093ebdef8b400084d5cae,female,latino,adult,24,38,True,58.65630340576172,Female,97.79786682128906,HAPPY
5dd093fbdef8b400084d5d85_male_latino_child.jpeg,5dd093fbdef8b400084d5d85,male,latino,child,3,9,False,99.46318054199219,Female,97.4642105102539,CALM
5dd09466def8b400084d6305_female_latino_child.jpeg,5dd09466def8b400084d6305,female,latino,child,17,29,True,95.3436050415039,Female,99.83710479736328,HAPPY
5dd094b0def8b400084d66c5_female_latino_child.jpeg,5dd094b0def8b400084d66c5,female,latino,child,21,33,True,89.74203491210938,Female,99.80290985107422,HAPPY
5dd094e1def8b400084d693e_female_latino_child.jpeg,5dd094e1def8b400084d693e,female,latino,child,14,26,False,80.56293487548828,Female,99.88740539550781,CALM
5dd09509def8b400084d6b48_male_asian_child.jpeg,5dd09509def8b400084d6b48,male,asian,child,14,26,True,97.7979507446289,Female,96.80366516113281,HAPPY
5dd09516def8b400084d6bf3_female_latino_adult.jpeg,5dd09516def8b400084d6bf3,female,latino,adult,17,29,False,99.7876205444336,Female,57.801658630371094,CALM
5dd0951cdef8b400084d6c41_female_latino_child.jpeg,5dd0951cdef8b400084d6c41,female,latino,child,5,15,True,99.72734069824219,Female,99.74795532226562,HAPPY
5dd09546def8b400084d6e55_female_latino_adult.jpeg,5dd09546def8b400084d6e55,female,latino,adult,26,42,True,99.96869659423828,Female,99.59677124023438,HAPPY
5dd09571def8b400084d7078_male_latino_child.jpeg,5dd09571def8b400084d7078,male,latino,child,5,15,True,98.85613250732422,Female,65.58133697509766,HAPPY
5dd095a9def8b400084d7346_male_black_adult.jpeg,5dd095a9def8b400084d7346,male,black,adult,22,34,False,99.84757995605469,Male,99.67683410644531,CALM
5dd095d4def8b400084d756c_male_latino_child.jpeg,5dd095d4def8b400084d756c,male,latino,child,2,8,False,99.65284729003906,Female,91.126220703125,CALM
5dd095dfdef8b400084d75f7_male_black_adult.jpeg,5dd095dfdef8b400084d75f7,male,black,adult,22,34,False,99.37899017333984,Male,99.32886505126953,CALM
5dd09678def8b400084d7d6b_male_black_adult.jpeg,5dd09678def8b400084d7d6b,male,black,adult,32,48,False,76.21382141113281,Male,88.84747314453125,SURPRISED
5dd0969cdef8b400084d7f1e_male_latino_child.jpeg,5dd0969cdef8b400084d7f1e,male,latino,child,5,15,False,98.83426666259766,Male,85.78496551513672,CALM
5dd096afdef8b400084d800c_female_latino_adult.jpeg,5dd096afdef8b400084d800c,female,latino,adult,22,34,True,99.95113372802734,Female,99.78887176513672,HAPPY
5dd096d2def8b400084d81b8_male_latino_child.jpeg,5dd096d2def8b400084d81b8,male,latino,child,2,8,True,98.89372253417969,Male,51.17763900756836,HAPPY
5dd0972cdef8b400084d8604_male_asian_child.jpeg,5dd0972cdef8b400084d8604,male,asian,child,13,23,True,96.8183822631836,Male,54.50906753540039,HAPPY
5dd09764def8b400084d88a4_female_latino_adult.jpeg,5dd09764def8b400084d88a4,female,latino,adult,23,35,True,51.32091522216797,Female,85.99681854248047,HAPPY
5dd0978adef8b400084d8a67_male_asian_child.jpeg,5dd0978adef8b400084d8a67,male,asian,child,2,8,False,99.05508422851562,Male,92.2207260131836,FEAR
5dd097a6def8b400084d8bb6_male_black_adult.jpeg,5dd097a6def8b400084d8bb6,male,black,adult,23,37,True,99.61910247802734,Male,99.64604949951172,HAPPY
5dd097f7def8b400084d8f7d_male_asian_child.jpeg,5dd097f7def8b400084d8f7d,male,asian,child,4,14,True,56.927066802978516,Male,51.53306198120117,HAPPY
5dd09805def8b400084d9024_female_latino_adult.jpeg,5dd09805def8b400084d9024,female,latino,adult,26,40,True,99.89527130126953,Female,99.8716812133789,HAPPY
5dd09837def8b400084d9271_female_black_adult.jpeg,5dd09837def8b400084d9271,female,black,adult,25,39,True,99.02919006347656,Female,98.81185150146484,HAPPY
5dd09845def8b400084d9315_male_latino_child.jpeg,5dd09845def8b400084d9315,male,latino,child,2,8,True,90.56076049804688,Female,79.74151611328125,HAPPY
5dd0984fdef8b400084d938c_female_latino_adult.jpeg,5dd0984fdef8b400084d938c,female,latino,adult,22,34,True,99.82940673828125,Female,99.54887390136719,HAPPY
5dd0987adef8b400084d9595_female_asian_child.jpeg,5dd0987adef8b400084d9595,female,asian,child,2,8,False,99.4482650756836,Female,98.61287689208984,CALM
5dd09887def8b400084d9621_male_asian_child.jpeg,5dd09887def8b400084d9621,male,asian,child,4,12,True,99.68303680419922,Female,88.894775390625,HAPPY
5dd098b9def8b400084d987b_male_black_adult.jpeg,5dd098b9def8b400084d987b,male,black,adult,22,34,False,70.66986846923828,Male,90.6138916015625,CALM
5dd098d4def8b400084d99b3_male_white_infant.jpeg,5dd098d4def8b400084d99b3,male,white,infant,0,3,False,97.14347076416016,Female,89.11968231201172,CALM
5dd098d7def8b400084d99d1_female_asian_child.jpeg,5dd098d7def8b400084d99d1,female,asian,child,12,22,True,98.0995864868164,Female,99.98519897460938,HAPPY
5dd098dadef8b400084d99f1_female_asian_child.jpeg,5dd098dadef8b400084d99f1,female,asian,child,5,15,True,99.64208984375,Female,99.17495727539062,HAPPY
5dd0992bdef8b400084d9daf_female_asian_child.jpeg,5dd0992bdef8b400084d9daf,female,asian,child,17,29,False,97.22704315185547,Female,95.43301391601562,CALM
5dd0992fdef8b400084d9dd8_male_white_infant.jpeg,5dd0992fdef8b400084d9dd8,male,white,infant,0,3,False,73.80059051513672,Female,98.26986694335938,CALM
5dd0992fdef8b400084d9dd9_female_latino_child.jpeg,5dd0992fdef8b400084d9dd9,female,latino,child,5,15,True,96.57319641113281,Female,99.55470275878906,HAPPY
5dd09937def8b400084d9e37_male_latino_child.jpeg,5dd09937def8b400084d9e37,male,latino,child,2,8,False,97.1225357055664,Female,81.1178970336914,CALM
5dd0994adef8b400084d9f10_female_asian_child.jpeg,5dd0994adef8b400084d9f10,female,asian,child,12,22,True,99.91960906982422,Female,99.24222564697266,HAPPY
5dd0997bdef8b400084da153_female_white_infant.jpeg,5dd0997bdef8b400084da153,female,white,infant,0,4,True,96.23656463623047,Female,95.98321533203125,HAPPY
5dd09985def8b400084da1be_male_white_infant.jpeg,5dd09985def8b400084da1be,male,white,infant,0,4,False,52.22154998779297,Female,98.0950927734375,HAPPY
5dd099dbdef8b400084da59a_female_black_adult.jpeg,5dd099dbdef8b400084da59a,female,black,adult,31,47,True,97.98397064208984,Female,99.88723754882812,HAPPY
5dd09a0bdef8b400084da7c3_female_white_infant.jpeg,5dd09a0bdef8b400084da7c3,female,white,infant,1,5,False,97.273681640625,Female,80.59870910644531,CALM
5dd09a33def8b400084da988_male_black_adult.jpeg,5dd09a33def8b400084da988,male,black,adult,32,48,True,99.52455139160156,Male,98.86988067626953,HAPPY
5dd09a3adef8b400084da9db_male_white_infant.jpeg,5dd09a3adef8b400084da9db,male,white,infant,0,3,False,95.81124114990234,Female,74.18267822265625,CALM
5dd09a51def8b400084daae6_female_asian_child.jpeg,5dd09a51def8b400084daae6,female,asian,child,5,15,False,96.66690826416016,Female,67.65252685546875,CALM
5dd09a77def8b400084dac9c_male_asian_young-adult.jpeg,5dd09a77def8b400084dac9c,male,asian,young-adult,22,34,False,98.92031860351562,Female,99.550537109375,CALM
5dd09a78def8b400084daca5_male_asian_young-adult.jpeg,5dd09a78def8b400084daca5,male,asian,young-adult,23,37,False,99.79898834228516,Male,96.05135345458984,CALM
5dd09a82def8b400084dad1e_male_asian_young-adult.jpeg,5dd09a82def8b400084dad1e,male,asian,young-adult,22,34,False,96.04354858398438,Male,90.70586395263672,SURPRISED
5dd09a86def8b400084dad4a_female_white_infant.jpeg,5dd09a86def8b400084dad4a,female,white,infant,0,3,False,83.60784912109375,Female,89.70841979980469,CALM
5dd09ac3def8b400084daff9_female_white_infant.jpeg,5dd09ac3def8b400084daff9,female,white,infant,0,3,True,99.49598693847656,Female,97.36717987060547,HAPPY
5dd09adadef8b400084db0f9_female_white_infant.jpeg,5dd09adadef8b400084db0f9,female,white,infant,1,5,False,99.89234924316406,Female,94.79839324951172,CALM
5dd09adfdef8b400084db139_female_latino_child.jpeg,5dd09adfdef8b400084db139,female,latino,child,6,16,True,88.74295043945312,Female,99.93646240234375,HAPPY
5dd09ae6def8b400084db17e_male_white_infant.jpeg,5dd09ae6def8b400084db17e,male,white,infant,0,3,False,51.676177978515625,Female,93.03096008300781,CALM
5dd09afbdef8b400084db264_female_white_infant.jpeg,5dd09afbdef8b400084db264,female,white,infant,1,7,True,76.53303527832031,Female,96.40972900390625,HAPPY
5dd09affdef8b400084db291_female_asian_child.jpeg,5dd09affdef8b400084db291,female,asian,child,3,11,True,99.18929290771484,Female,99.69012451171875,HAPPY
5dd09b1edef8b400084db3ee_female_latino_child.jpeg,5dd09b1edef8b400084db3ee,female,latino,child,5,15,True,88.16732788085938,Female,99.89518737792969,HAPPY
5dd09b28def8b400084db465_male_asian_young-adult.jpeg,5dd09b28def8b400084db465,male,asian,young-adult,19,31,True,97.8729248046875,Male,70.15209197998047,HAPPY
5dd09b2cdef8b400084db48c_male_asian_young-adult.jpeg,5dd09b2cdef8b400084db48c,male,asian,young-adult,13,25,True,99.4858169555664,Male,51.279354095458984,HAPPY
5dd09b4bdef8b400084db5e5_female_white_infant.jpeg,5dd09b4bdef8b400084db5e5,female,white,infant,1,5,False,99.14329528808594,Female,89.59549713134766,CALM
5dd09b4cdef8b400084db5e7_male_latino_adult.jpeg,5dd09b4cdef8b400084db5e7,male,latino,adult,23,35,False,99.6103515625,Male,99.88543701171875,CALM
5dd09b4ddef8b400084db5f7_female_asian_child.jpeg,5dd09b4ddef8b400084db5f7,female,asian,child,2,8,True,78.88143157958984,Female,64.8846206665039,HAPPY
5dd09b64def8b400084db6f6_male_asian_young-adult.jpeg,5dd09b64def8b400084db6f6,male,asian,young-adult,21,33,True,99.81366729736328,Female,92.52748107910156,HAPPY
5dd09b65def8b400084db703_female_black_adult.jpeg,5dd09b65def8b400084db703,female,black,adult,33,49,True,99.95563507080078,Female,98.4017333984375,HAPPY
5dd09b6bdef8b400084db749_female_asian_child.jpeg,5dd09b6bdef8b400084db749,female,asian,child,12,22,True,99.94876098632812,Female,99.23989868164062,HAPPY
5dd09b6fdef8b400084db779_male_latino_adult.jpeg,5dd09b6fdef8b400084db779,male,latino,adult,22,34,False,86.11268615722656,Male,97.5044937133789,CALM
5dd09b7cdef8b400084db80c_male_latino_adult.jpeg,5dd09b7cdef8b400084db80c,male,latino,adult,32,48,False,96.59496307373047,Male,99.2531509399414,CALM
5dd09b85def8b400084db86e_male_latino_adult.jpeg,5dd09b85def8b400084db86e,male,latino,adult,23,37,False,87.22726440429688,Male,95.40734100341797,CALM
5dd09b90def8b400084db8e7_male_white_infant.jpeg,5dd09b90def8b400084db8e7,male,white,infant,1,7,True,60.46131896972656,Female,85.51966857910156,HAPPY
5dd09ba1def8b400084db9a1_male_latino_adult.jpeg,5dd09ba1def8b400084db9a1,male,latino,adult,22,34,False,97.34713745117188,Male,98.40916442871094,CALM
5dd09bb0def8b400084dba43_female_white_infant.jpeg,5dd09bb0def8b400084dba43,female,white,infant,2,8,False,99.70237731933594,Female,91.11438751220703,CALM
5dd09bbcdef8b400084dbaca_male_white_infant.jpeg,5dd09bbcdef8b400084dbaca,male,white,infant,2,8,False,97.85396575927734,Female,85.80463409423828,CALM
5dd09bc1def8b400084dbb08_male_white_infant.jpeg,5dd09bc1def8b400084dbb08,male,white,infant,0,4,False,99.21634674072266,Female,96.63089752197266,CALM
5dd09bc4def8b400084dbb23_male_asian_young-adult.jpeg,5dd09bc4def8b400084dbb23,male,asian,young-adult,26,42,True,65.07142639160156,Female,98.05712127685547,HAPPY
5dd09bc6def8b400084dbb40_male_asian_young-adult.jpeg,5dd09bc6def8b400084dbb40,male,asian,young-adult,22,34,True,99.07781982421875,Male,55.89082336425781,HAPPY
5dd09bccdef8b400084dbb81_female_white_elderly.jpeg,5dd09bccdef8b400084dbb81,female,white,elderly,33,49,True,99.90933990478516,Female,99.37139892578125,HAPPY
5dd09bcddef8b400084dbb86_female_asian_child.jpeg,5dd09bcddef8b400084dbb86,female,asian,child,2,8,False,78.66499328613281,Female,99.16534423828125,CALM
5dd09bcedef8b400084dbb90_female_white_elderly.jpeg,5dd09bcedef8b400084dbb90,female,white,elderly,37,55,False,99.82936096191406,Female,97.93443298339844,CALM
5dd09be4def8b400084dbc84_male_latino_child.jpeg,5dd09be4def8b400084dbc84,male,latino,child,5,15,True,99.8276596069336,Male,93.22993469238281,HAPPY
5dd09be6def8b400084dbc9b_male_black_child.jpeg,5dd09be6def8b400084dbc9b,male,black,child,2,8,False,89.0936050415039,Male,67.74085235595703,CALM
5dd09c02def8b400084dbdca_female_latino_adult.jpeg,5dd09c02def8b400084dbdca,female,latino,adult,16,28,True,85.28324890136719,Female,99.66020965576172,HAPPY
5dd09c06def8b400084dbdfa_male_black_young-adult.jpeg,5dd09c06def8b400084dbdfa,male,black,young-adult,21,33,False,88.98684692382812,Female,99.82731628417969,CALM
5dd09c06def8b400084dbdfe_female_black_young-adult.jpeg,5dd09c06def8b400084dbdfe,female,black,young-adult,25,39,False,98.2589111328125,Female,99.84593200683594,CALM
5dd09c0adef8b400084dbe2a_male_latino_adult.jpeg,5dd09c0adef8b400084dbe2a,male,latino,adult,23,35,True,91.39974975585938,Male,98.22672271728516,HAPPY
5dd09c0fdef8b400084dbe61_female_black_young-adult.jpeg,5dd09c0fdef8b400084dbe61,female,black,young-adult,24,38,True,99.06105041503906,Female,99.87747955322266,HAPPY
5dd09c11def8b400084dbe74_male_black_young-adult.jpeg,5dd09c11def8b400084dbe74,male,black,young-adult,15,27,True,99.69587707519531,Male,99.54451751708984,HAPPY
5dd09c13def8b400084dbe85_male_black_young-adult.jpeg,5dd09c13def8b400084dbe85,male,black,young-adult,22,34,True,99.71741485595703,Female,98.60891723632812,HAPPY
5dd09c16def8b400084dbea8_female_white_infant.jpeg,5dd09c16def8b400084dbea8,female,white,infant,0,4,False,98.71684265136719,Female,89.39537048339844,CALM
5dd09c17def8b400084dbeb4_male_white_infant.jpeg,5dd09c17def8b400084dbeb4,male,white,infant,0,3,True,73.60198211669922,Female,91.4013671875,HAPPY
5dd09c17def8b400084dbebb_female_latino_adult.jpeg,5dd09c17def8b400084dbebb,female,latino,adult,21,33,True,99.88004302978516,Female,99.7381362915039,HAPPY
5dd09c18def8b400084dbec2_male_black_young-adult.jpeg,5dd09c18def8b400084dbec2,male,black,young-adult,21,33,True,99.44942474365234,Male,99.43147277832031,HAPPY
5dd09c1adef8b400084dbedd_female_black_young-adult.jpeg,5dd09c1adef8b400084dbedd,female,black,young-adult,28,44,True,99.32159423828125,Female,96.3387222290039,HAPPY
5dd09c1cdef8b400084dbeee_male_white_infant.jpeg,5dd09c1cdef8b400084dbeee,male,white,infant,0,3,True,93.10655975341797,Female,93.09500885009766,HAPPY
5dd09c20def8b400084dbf1e_female_black_young-adult.jpeg,5dd09c20def8b400084dbf1e,female,black,young-adult,22,34,True,99.40750885009766,Female,99.91897583007812,HAPPY
5dd09c22def8b400084dbf34_male_black_young-adult.jpeg,5dd09c22def8b400084dbf34,male,black,young-adult,22,34,False,85.68994903564453,Male,99.4395523071289,CALM
5dd09c23def8b400084dbf38_female_white_elderly.jpeg,5dd09c23def8b400084dbf38,female,white,elderly,26,42,False,92.22846221923828,Female,99.64849090576172,CALM
5dd09c32def8b400084dbfe9_male_white_elderly.jpeg,5dd09c32def8b400084dbfe9,male,white,elderly,33,49,False,99.49600219726562,Male,93.13031768798828,CALM
5dd09c36def8b400084dc011_female_latino_adult.jpeg,5dd09c36def8b400084dc011,female,latino,adult,22,34,True,86.65536499023438,Female,99.32366943359375,HAPPY
5dd09c37def8b400084dc016_male_black_young-adult.jpeg,5dd09c37def8b400084dc016,male,black,young-adult,22,34,True,99.70698547363281,Male,99.96013641357422,HAPPY
5dd09c3bdef8b400084dc046_female_black_young-adult.jpeg,5dd09c3bdef8b400084dc046,female,black,young-adult,17,29,False,84.98678588867188,Female,99.87274169921875,CALM
5dd09c3bdef8b400084dc049_male_latino_child.jpeg,5dd09c3bdef8b400084dc049,male,latino,child,6,16,True,99.06503295898438,Female,93.11051177978516,HAPPY
5dd09c3cdef8b400084dc04f_female_white_elderly.jpeg,5dd09c3cdef8b400084dc04f,female,white,elderly,40,58,True,99.96772766113281,Female,97.76201629638672,HAPPY
5dd09c3ddef8b400084dc05b_female_white_elderly.jpeg,5dd09c3ddef8b400084dc05b,female,white,elderly,39,57,True,99.74629974365234,Male,68.21798706054688,HAPPY
5dd09c47def8b400084dc0ca_male_latino_adult.jpeg,5dd09c47def8b400084dc0ca,male,latino,adult,24,38,True,98.13077545166016,Male,98.91826629638672,HAPPY
5dd09c49def8b400084dc0de_female_white_infant.jpeg,5dd09c49def8b400084dc0de,female,white,infant,0,3,False,93.921875,Female,50.14131164550781,CALM
5dd09c52def8b400084dc142_male_black_young-adult.jpeg,5dd09c52def8b400084dc142,male,black,young-adult,22,34,False,86.40624237060547,Female,99.98954010009766,CALM
5dd09c55def8b400084dc15c_female_black_young-adult.jpeg,5dd09c55def8b400084dc15c,female,black,young-adult,22,34,True,99.69766998291016,Female,99.97843170166016,HAPPY
5dd09c5bdef8b400084dc1aa_male_black_adult.jpeg,5dd09c5bdef8b400084dc1aa,male,black,adult,32,48,False,97.87347412109375,Male,99.33985900878906,CALM
5dd09c5fdef8b400084dc1cf_male_white_elderly.jpeg,5dd09c5fdef8b400084dc1cf,male,white,elderly,29,45,True,86.33112335205078,Male,98.0833740234375,HAPPY
5dd09c67def8b400084dc229_female_white_elderly.jpeg,5dd09c67def8b400084dc229,female,white,elderly,48,66,True,66.63745880126953,Female,99.43287658691406,CALM
5dd09c68def8b400084dc232_male_black_young-adult.jpeg,5dd09c68def8b400084dc232,male,black,young-adult,23,37,False,90.7373275756836,Male,98.66100311279297,CALM
5dd09c6cdef8b400084dc261_male_white_elderly.jpeg,5dd09c6cdef8b400084dc261,male,white,elderly,44,62,True,55.212581634521484,Male,90.41068267822266,HAPPY
5dd09c6fdef8b400084dc286_male_white_elderly.jpeg,5dd09c6fdef8b400084dc286,male,white,elderly,33,49,True,91.94677734375,Male,99.31593322753906,HAPPY
5dd09c76def8b400084dc2d3_male_latino_adult.jpeg,5dd09c76def8b400084dc2d3,male,latino,adult,23,35,True,99.37745666503906,Male,97.00980377197266,HAPPY
5dd09c7adef8b400084dc2fd_male_white_child.jpeg,5dd09c7adef8b400084dc2fd,male,white,child,2,8,False,56.74822998046875,Male,98.32261657714844,HAPPY
5dd09c7bdef8b400084dc301_female_black_young-adult.jpeg,5dd09c7bdef8b400084dc301,female,black,young-adult,22,34,True,99.96884155273438,Female,99.92880249023438,HAPPY
5dd09c7bdef8b400084dc30b_male_white_child.jpeg,5dd09c7bdef8b400084dc30b,male,white,child,2,8,True,52.80652618408203,Female,68.43387603759766,HAPPY
5dd09c7ddef8b400084dc317_male_white_elderly.jpeg,5dd09c7ddef8b400084dc317,male,white,elderly,39,57,False,99.69475555419922,Male,99.76667785644531,CALM
5dd09c7edef8b400084dc322_male_white_elderly.jpeg,5dd09c7edef8b400084dc322,male,white,elderly,50,68,False,98.92176055908203,Male,99.1216049194336,CALM
5dd09c7edef8b400084dc324_male_latino_young-adult.jpeg,5dd09c7edef8b400084dc324,male,latino,young-adult,22,34,False,67.73770141601562,Male,99.54963684082031,CALM
5dd09c80def8b400084dc341_male_white_child.jpeg,5dd09c80def8b400084dc341,male,white,child,5,15,False,89.32429504394531,Female,95.79759979248047,CALM
5dd09c81def8b400084dc345_female_white_elderly.jpeg,5dd09c81def8b400084dc345,female,white,elderly,36,52,True,99.97463989257812,Female,99.70409393310547,HAPPY
5dd09c81def8b400084dc349_male_latino_young-adult.jpeg,5dd09c81def8b400084dc349,male,latino,young-adult,23,35,False,99.8492202758789,Male,96.37193298339844,CALM
5dd09c82def8b400084dc34f_female_white_elderly.jpeg,5dd09c82def8b400084dc34f,female,white,elderly,22,34,True,99.89083099365234,Female,97.7786865234375,HAPPY
5dd09c84def8b400084dc366_male_latino_young-adult.jpeg,5dd09c84def8b400084dc366,male,latino,young-adult,16,28,False,97.62857818603516,Female,98.29740142822266,SURPRISED
5dd09c84def8b400084dc36d_female_black_young-adult.jpeg,5dd09c84def8b400084dc36d,female,black,young-adult,22,34,False,77.85829162597656,Female,99.93551635742188,CALM
5dd09c85def8b400084dc36f_male_white_child.jpeg,5dd09c85def8b400084dc36f,male,white,child,2,8,False,99.77781677246094,Male,99.48986053466797,CALM
5dd09c85def8b400084dc374_male_latino_young-adult.jpeg,5dd09c85def8b400084dc374,male,latino,young-adult,22,34,False,97.15425109863281,Male,98.90811157226562,CALM
5dd09c86def8b400084dc384_male_black_young-adult.jpeg,5dd09c86def8b400084dc384,male,black,young-adult,22,34,True,94.68040466308594,Male,98.88082122802734,HAPPY
5dd09c88def8b400084dc399_male_latino_young-adult.jpeg,5dd09c88def8b400084dc399,male,latino,young-adult,22,34,True,72.79537200927734,Male,73.32938385009766,HAPPY
5dd09c8adef8b400084dc3a6_female_black_young-adult.jpeg,5dd09c8adef8b400084dc3a6,female,black,young-adult,23,37,True,91.74443054199219,Female,99.99400329589844,HAPPY
5dd09c8cdef8b400084dc3c1_male_black_young-adult.jpeg,5dd09c8cdef8b400084dc3c1,male,black,young-adult,22,34,True,99.29053497314453,Male,92.50077056884766,HAPPY
5dd09c93def8b400084dc410_male_asian_young-adult.jpeg,5dd09c93def8b400084dc410,male,asian,young-adult,22,34,True,87.89983367919922,Male,87.943603515625,HAPPY
5dd09c95def8b400084dc420_female_black_young-adult.jpeg,5dd09c95def8b400084dc420,female,black,young-adult,22,34,True,99.80133819580078,Female,99.97527313232422,HAPPY
5dd09c95def8b400084dc422_male_latino_adult.jpeg,5dd09c95def8b400084dc422,male,latino,adult,21,33,True,77.89757537841797,Male,97.86283111572266,HAPPY
5dd09c95def8b400084dc424_male_white_child.jpeg,5dd09c95def8b400084dc424,male,white,child,8,18,True,99.1319808959961,Male,88.09276580810547,HAPPY
5dd09c95def8b400084dc428_male_latino_young-adult.jpeg,5dd09c95def8b400084dc428,male,latino,young-adult,25,39,True,96.20594024658203,Male,98.8338851928711,HAPPY
5dd09c96def8b400084dc42c_male_white_child.jpeg,5dd09c96def8b400084dc42c,male,white,child,0,3,False,50.39086151123047,Female,77.09059143066406,HAPPY
5dd09c97def8b400084dc43a_male_white_adult.jpeg,5dd09c97def8b400084dc43a,male,white,adult,22,34,True,99.72306823730469,Male,97.63451385498047,HAPPY
5dd09c98def8b400084dc442_male_white_adult.jpeg,5dd09c98def8b400084dc442,male,white,adult,21,33,False,99.56295776367188,Male,98.94346618652344,CALM
5dd09c99def8b400084dc44e_male_white_elderly.jpeg,5dd09c99def8b400084dc44e,male,white,elderly,31,47,True,94.65654754638672,Male,99.37714385986328,HAPPY
5dd09c9adef8b400084dc45c_male_latino_young-adult.jpeg,5dd09c9adef8b400084dc45c,male,latino,young-adult,22,34,True,99.91950225830078,Male,96.76234436035156,HAPPY
5dd09c9adef8b400084dc45d_male_white_adult.jpeg,5dd09c9adef8b400084dc45d,male,white,adult,22,34,True,97.3931884765625,Male,99.11746215820312,HAPPY
5dd09c9adef8b400084dc45e_male_white_adult.jpeg,5dd09c9adef8b400084dc45e,male,white,adult,24,38,False,92.77887725830078,Female,80.74591064453125,CALM
5dd09c9cdef8b400084dc46b_female_white_adult.jpeg,5dd09c9cdef8b400084dc46b,female,white,adult,37,55,True,99.84107208251953,Female,99.08930969238281,HAPPY
5dd09c9cdef8b400084dc471_female_white_elderly.jpeg,5dd09c9cdef8b400084dc471,female,white,elderly,22,34,True,99.94015502929688,Female,98.90430450439453,HAPPY
5dd09c9ddef8b400084dc479_female_latino_young-adult.jpeg,5dd09c9ddef8b400084dc479,female,latino,young-adult,13,23,True,99.87579345703125,Female,99.63815307617188,HAPPY
5dd09c9ddef8b400084dc47f_female_asian_young-adult.jpeg,5dd09c9ddef8b400084dc47f,female,asian,young-adult,13,25,True,66.89813995361328,Female,99.75479888916016,HAPPY
5dd09c9ddef8b400084dc480_female_latino_young-adult.jpeg,5dd09c9ddef8b400084dc480,female,latino,young-adult,18,30,False,78.9081802368164,Female,99.71863555908203,SAD
5dd09c9edef8b400084dc482_female_white_adult.jpeg,5dd09c9edef8b400084dc482,female,white,adult,22,34,True,99.9017105102539,Female,98.9786605834961,HAPPY
5dd09c9edef8b400084dc485_male_white_elderly.jpeg,5dd09c9edef8b400084dc485,male,white,elderly,23,37,False,99.46820831298828,Male,91.90715789794922,CALM
5dd09c9edef8b400084dc487_female_asian_young-adult.jpeg,5dd09c9edef8b400084dc487,female,asian,young-adult,22,34,False,68.80482482910156,Female,99.87472534179688,CALM
5dd09c9edef8b400084dc489_female_asian_young-adult.jpeg,5dd09c9edef8b400084dc489,female,asian,young-adult,13,25,True,99.93505859375,Female,99.5741958618164,HAPPY
5dd09c9fdef8b400084dc48f_female_asian_young-adult.jpeg,5dd09c9fdef8b400084dc48f,female,asian,young-adult,21,33,True,98.88188171386719,Female,99.97870635986328,HAPPY
5dd09c9fdef8b400084dc490_male_white_adult.jpeg,5dd09c9fdef8b400084dc490,male,white,adult,22,34,True,65.9237060546875,Male,99.79150390625,HAPPY
5dd09ca0def8b400084dc498_female_white_child.jpeg,5dd09ca0def8b400084dc498,female,white,child,3,9,True,99.39077758789062,Female,99.690673828125,HAPPY
5dd09ca0def8b400084dc499_male_white_elderly.jpeg,5dd09ca0def8b400084dc499,male,white,elderly,36,52,False,93.05670928955078,Male,99.14603424072266,CALM
5dd09ca1def8b400084dc4a9_female_white_adult.jpeg,5dd09ca1def8b400084dc4a9,female,white,adult,21,33,True,97.89046478271484,Female,99.67194366455078,HAPPY
5dd09ca1def8b400084dc4ab_female_white_adult.jpeg,5dd09ca1def8b400084dc4ab,female,white,adult,28,44,True,91.00617980957031,Female,99.90375518798828,HAPPY
5dd09ca2def8b400084dc4af_female_white_adult.jpeg,5dd09ca2def8b400084dc4af,female,white,adult,26,40,True,99.52134704589844,Female,99.4087905883789,HAPPY
5dd09ca2def8b400084dc4b5_female_asian_young-adult.jpeg,5dd09ca2def8b400084dc4b5,female,asian,young-adult,13,23,False,98.34548950195312,Female,99.78970336914062,CALM
5dd09ca3def8b400084dc4b8_female_white_child.jpeg,5dd09ca3def8b400084dc4b8,female,white,child,2,8,True,99.91537475585938,Female,98.40080261230469,HAPPY
5dd09ca3def8b400084dc4b9_male_white_child.jpeg,5dd09ca3def8b400084dc4b9,male,white,child,2,8,True,99.00794219970703,Male,98.08470916748047,HAPPY
5dd09ca3def8b400084dc4bb_female_white_adult.jpeg,5dd09ca3def8b400084dc4bb,female,white,adult,39,57,False,58.95075988769531,Female,99.35859680175781,CALM
5dd09ca3def8b400084dc4be_male_latino_young-adult.jpeg,5dd09ca3def8b400084dc4be,male,latino,young-adult,23,35,True,99.9541015625,Male,99.39583587646484,HAPPY
5dd09ca3def8b400084dc4bf_female_white_child.jpeg,5dd09ca3def8b400084dc4bf,female,white,child,5,15,True,86.45392608642578,Female,99.93905639648438,HAPPY
5dd09ca4def8b400084dc4c3_female_asian_young-adult.jpeg,5dd09ca4def8b400084dc4c3,female,asian,young-adult,12,22,True,88.8673095703125,Female,99.58432006835938,HAPPY
5dd09ca4def8b400084dc4c4_female_asian_young-adult.jpeg,5dd09ca4def8b400084dc4c4,female,asian,young-adult,13,25,False,80.49822998046875,Female,99.34837341308594,CALM
5dd09ca4def8b400084dc4c8_female_latino_young-adult.jpeg,5dd09ca4def8b400084dc4c8,female,latino,young-adult,21,33,True,99.93721771240234,Female,99.66325378417969,HAPPY
5dd09ca5def8b400084dc4cf_female_latino_young-adult.jpeg,5dd09ca5def8b400084dc4cf,female,latino,young-adult,23,37,True,99.22691345214844,Female,99.97418212890625,HAPPY
5dd09ca5def8b400084dc4d0_female_latino_young-adult.jpeg,5dd09ca5def8b400084dc4d0,female,latino,young-adult,15,27,False,85.15479278564453,Female,99.25566101074219,CALM
5dd09ca6def8b400084dc4d3_female_latino_young-adult.jpeg,5dd09ca6def8b400084dc4d3,female,latino,young-adult,17,29,True,58.36552429199219,Female,99.94461822509766,HAPPY
5dd09ca6def8b400084dc4d5_female_latino_child.jpeg,5dd09ca6def8b400084dc4d5,female,latino,child,5,15,False,99.66455841064453,Female,97.73194885253906,CALM
5dd09ca6def8b400084dc4d8_female_white_child.jpeg,5dd09ca6def8b400084dc4d8,female,white,child,2,8,True,98.70414733886719,Female,98.35952758789062,HAPPY
5dd09ca7def8b400084dc4dc_female_white_child.jpeg,5dd09ca7def8b400084dc4dc,female,white,child,24,38,False,97.18797302246094,Female,97.85612487792969,CALM
5dd09ca7def8b400084dc4de_male_white_elderly.jpeg,5dd09ca7def8b400084dc4de,male,white,elderly,36,54,True,96.8051986694336,Male,99.38538360595703,HAPPY
5dd09ca7def8b400084dc4e0_male_white_child.jpeg,5dd09ca7def8b400084dc4e0,male,white,child,2,8,True,83.68986511230469,Female,92.36315155029297,HAPPY
5dd09ca7def8b400084dc4e1_male_asian_young-adult.jpeg,5dd09ca7def8b400084dc4e1,male,asian,young-adult,22,34,True,99.12074279785156,Male,75.85599517822266,HAPPY
5dd09ca8def8b400084dc4e9_male_latino_young-adult.jpeg,5dd09ca8def8b400084dc4e9,male,latino,young-adult,23,37,True,97.5155258178711,Male,99.60194396972656,HAPPY
5dd09ca8def8b400084dc4ed_female_white_adult.jpeg,5dd09ca8def8b400084dc4ed,female,white,adult,23,35,True,99.09394073486328,Female,99.836181640625,HAPPY
5dd09ca8def8b400084dc4ef_female_latino_young-adult.jpeg,5dd09ca8def8b400084dc4ef,female,latino,young-adult,19,31,True,83.52670288085938,Female,99.84105682373047,HAPPY
5dd09ca9def8b400084dc4f2_male_white_child.jpeg,5dd09ca9def8b400084dc4f2,male,white,child,1,5,False,99.80396270751953,Female,79.40558624267578,CALM
5dd09ca9def8b400084dc4f4_female_white_adult.jpeg,5dd09ca9def8b400084dc4f4,female,white,adult,22,34,True,99.96073913574219,Female,99.85922241210938,HAPPY
5dd09ca9def8b400084dc4f7_male_latino_young-adult.jpeg,5dd09ca9def8b400084dc4f7,male,latino,young-adult,22,34,True,99.74523162841797,Male,99.16039276123047,HAPPY
5dd09ca9def8b400084dc4fb_male_asian_child.jpeg,5dd09ca9def8b400084dc4fb,male,asian,child,3,11,True,81.72453308105469,Female,58.515262603759766,HAPPY
5dd09caadef8b400084dc4ff_female_asian_young-adult.jpeg,5dd09caadef8b400084dc4ff,female,asian,young-adult,19,31,True,91.45056915283203,Female,99.86775207519531,HAPPY
5dd09caadef8b400084dc502_male_white_child.jpeg,5dd09caadef8b400084dc502,male,white,child,3,9,True,99.4836654663086,Male,99.67431640625,HAPPY
5dd09caadef8b400084dc506_male_white_adult.jpeg,5dd09caadef8b400084dc506,male,white,adult,20,32,True,97.451171875,Male,84.62950897216797,HAPPY
5dd09cabdef8b400084dc50e_male_latino_adult.jpeg,5dd09cabdef8b400084dc50e,male,latino,adult,23,35,True,99.16348266601562,Male,99.70925903320312,HAPPY
5dd09cacdef8b400084dc516_male_white_adult.jpeg,5dd09cacdef8b400084dc516,male,white,adult,39,57,False,95.12728881835938,Male,98.96322631835938,CALM
5dd09cacdef8b400084dc518_female_white_child.jpeg,5dd09cacdef8b400084dc518,female,white,child,1,7,True,97.50161743164062,Female,98.91639709472656,HAPPY
5dd09cacdef8b400084dc51b_female_latino_young-adult.jpeg,5dd09cacdef8b400084dc51b,female,latino,young-adult,20,32,True,94.9162368774414,Female,99.86937713623047,HAPPY
5dd09cacdef8b400084dc51c_female_white_adult.jpeg,5dd09cacdef8b400084dc51c,female,white,adult,23,35,True,95.82434844970703,Female,99.1879653930664,HAPPY
5dd09cacdef8b400084dc51d_female_latino_young-adult.jpeg,5dd09cacdef8b400084dc51d,female,latino,young-adult,18,30,True,99.8283920288086,Female,99.55648040771484,HAPPY
5dd09caddef8b400084dc522_female_latino_young-adult.jpeg,5dd09caddef8b400084dc522,female,latino,young-adult,21,33,True,99.89539337158203,Female,99.563232421875,HAPPY
5dd09caddef8b400084dc527_female_white_elderly.jpeg,5dd09caddef8b400084dc527,female,white,elderly,22,34,False,99.50670623779297,Female,98.66104125976562,CALM
5dd09caedef8b400084dc52c_female_white_child.jpeg,5dd09caedef8b400084dc52c,female,white,child,2,8,True,83.83480072021484,Female,97.67340850830078,HAPPY
5dd09caedef8b400084dc52e_male_white_adult.jpeg,5dd09caedef8b400084dc52e,male,white,adult,36,52,False,85.47794342041016,Male,99.76968383789062,CALM
5dd09caedef8b400084dc530_male_white_young-adult.jpeg,5dd09caedef8b400084dc530,male,white,young-adult,19,31,False,93.2621841430664,Male,94.01742553710938,CALM
5dd09caedef8b400084dc534_female_white_child.jpeg,5dd09caedef8b400084dc534,female,white,child,2,8,True,76.00041961669922,Female,96.86248779296875,HAPPY
5dd09cafdef8b400084dc536_male_white_young-adult.jpeg,5dd09cafdef8b400084dc536,male,white,young-adult,21,33,True,98.37391662597656,Male,96.4830093383789,HAPPY
5dd09cafdef8b400084dc537_male_white_adult.jpeg,5dd09cafdef8b400084dc537,male,white,adult,23,37,False,99.63848876953125,Male,98.5760726928711,CALM
5dd09cafdef8b400084dc538_male_white_young-adult.jpeg,5dd09cafdef8b400084dc538,male,white,young-adult,24,38,False,96.00093078613281,Male,96.73790740966797,CALM
5dd09cafdef8b400084dc53c_male_white_young-adult.jpeg,5dd09cafdef8b400084dc53c,male,white,young-adult,22,34,True,98.80473327636719,Male,74.9575424194336,HAPPY
5dd09cb0def8b400084dc541_female_asian_young-adult.jpeg,5dd09cb0def8b400084dc541,female,asian,young-adult,17,29,False,53.56838607788086,Female,98.78064727783203,HAPPY
5dd09cb0def8b400084dc546_male_white_adult.jpeg,5dd09cb0def8b400084dc546,male,white,adult,32,48,False,78.1321029663086,Male,99.50530242919922,CALM
5dd09cb0def8b400084dc548_male_white_young-adult.jpeg,5dd09cb0def8b400084dc548,male,white,young-adult,19,31,True,92.30286407470703,Male,68.73597717285156,HAPPY
5dd09cb1def8b400084dc54d_female_white_child.jpeg,5dd09cb1def8b400084dc54d,female,white,child,4,14,True,83.36070251464844,Female,99.86917877197266,HAPPY
5dd09cb1def8b400084dc551_female_white_young-adult.jpeg,5dd09cb1def8b400084dc551,female,white,young-adult,14,26,False,99.36566162109375,Female,99.80017852783203,CALM
5dd09cb1def8b400084dc552_female_white_young-adult.jpeg,5dd09cb1def8b400084dc552,female,white,young-adult,23,35,True,99.85992431640625,Female,99.94306182861328,HAPPY
5dd09cb1def8b400084dc554_male_white_young-adult.jpeg,5dd09cb1def8b400084dc554,male,white,young-adult,27,43,True,99.66514587402344,Male,97.82637023925781,HAPPY
5dd09cb2def8b400084dc558_female_white_young-adult.jpeg,5dd09cb2def8b400084dc558,female,white,young-adult,13,23,True,99.9677505493164,Female,99.88854217529297,HAPPY
5dd09cb2def8b400084dc559_female_white_young-adult.jpeg,5dd09cb2def8b400084dc559,female,white,young-adult,14,26,True,99.6205062866211,Female,99.7838363647461,HAPPY
5dd09cb2def8b400084dc55b_female_white_young-adult.jpeg,5dd09cb2def8b400084dc55b,female,white,young-adult,20,32,False,50.788177490234375,Female,92.08401489257812,CALM
5dd09cb2def8b400084dc55c_male_white_young-adult.jpeg,5dd09cb2def8b400084dc55c,male,white,young-adult,23,35,False,97.97882080078125,Male,97.5437240600586,CALM
5dd09cb2def8b400084dc55e_male_white_young-adult.jpeg,5dd09cb2def8b400084dc55e,male,white,young-adult,19,31,False,99.67802429199219,Female,97.219482421875,CALM
5dd09cb2def8b400084dc560_female_white_child.jpeg,5dd09cb2def8b400084dc560,female,white,child,3,11,True,95.29720306396484,Female,99.9281005859375,HAPPY
5dd09cb3def8b400084dc561_female_white_young-adult.jpeg,5dd09cb3def8b400084dc561,female,white,young-adult,20,32,True,99.9549789428711,Female,99.47230529785156,HAPPY
5dd09cb3def8b400084dc562_female_asian_young-adult.jpeg,5dd09cb3def8b400084dc562,female,asian,young-adult,18,30,True,99.6951904296875,Female,99.4710922241211,HAPPY
5dd09cb3def8b400084dc563_male_white_young-adult.jpeg,5dd09cb3def8b400084dc563,male,white,young-adult,22,34,False,98.80239868164062,Male,93.04537963867188,CALM
5dd09cb3def8b400084dc565_female_white_young-adult.jpeg,5dd09cb3def8b400084dc565,female,white,young-adult,18,30,True,99.62281036376953,Female,99.85143280029297,HAPPY
5dd09cb3def8b400084dc569_female_white_young-adult.jpeg,5dd09cb3def8b400084dc569,female,white,young-adult,18,30,True,99.07781219482422,Female,98.93769836425781,HAPPY
5dd09cb3def8b400084dc56a_female_white_young-adult.jpeg,5dd09cb3def8b400084dc56a,female,white,young-adult,19,31,True,99.27224731445312,Female,99.73657989501953,HAPPY
5dd09cb3def8b400084dc56b_female_white_adult.jpeg,5dd09cb3def8b400084dc56b,female,white,adult,26,40,True,99.79014587402344,Female,99.70670318603516,HAPPY
5dd09cb4def8b400084dc56c_female_white_young-adult.jpeg,5dd09cb4def8b400084dc56c,female,white,young-adult,20,32,True,98.79112243652344,Female,99.96965789794922,HAPPY
5dd09cb4def8b400084dc56f_male_white_young-adult.jpeg,5dd09cb4def8b400084dc56f,male,white,young-adult,22,34,True,99.7024917602539,Male,94.4087142944336,HAPPY
