File Name,Face++ Gender,Face++ Age,Face++ Emotion,Face++ Smiling
ff8842d3-1244-44ec-b080-c1a9d8eb5031.jpg,Female,22,surprise,False
d75eec63-08b4-4c94-9121-549daea0d817.jpg,Female,38,happiness,True
cc88e4b0-27cc-4190-b34d-fcce4e981832.jpg,Male,40,happiness,True
2cd043c3-a38a-4f56-b254-95d6512062d2.jpg,Female,36,happiness,True
51df3023-c927-4054-ad28-67db7c3ad8df.jpg,Male,21,neutral,True
3724c0a1-55d8-442d-99dc-b6146b256e87.jpg,Male,27,happiness,True
05043174-7a32-45c3-afb5-a7e735f554ad.jpg,Female,67,happiness,True
845304ae-7fed-4ba5-92b1-ba913d4351cf.jpg,Male,33,happiness,True
fe550c01-1dc3-491b-aa2b-ef4075e4f3fa.jpg,Male,51,sadness,True
af572f21-7ae8-4a07-80da-fe4d427d957c.jpg,Female,28,happiness,True
ad69a061-67b6-4f79-972e-b8f88c55a1d5.jpg,Female,44,sadness,False
e342d699-f20c-4796-bd4a-b7e77beb0495.jpg,Female,27,happiness,True
9b380d33-f757-4c82-b402-59022bc45b02.jpg,Male,25,happiness,True
34932a8f-b0a9-46e1-a44a-95b553e84c7c.jpg,Female,41,sadness,True
0fad5be6-1a08-4c65-a725-f2d55e0ff60b.jpg,Female,46,fear,True
e7feaeb6-7a85-4150-9884-d3fbc0c250fe.jpg,Male,25,happiness,True
e87a98ea-8a90-4bb6-8725-42a0af9ff133.jpg,Female,29,happiness,True
d1fe0ef1-ce75-4e89-9513-dfe272c8efd6.jpg,Female,33,anger,True
89e6af61-a43c-4971-a168-fd03b7b08d68.jpg,Male,25,happiness,True
773ec812-ae7a-43bb-93ca-0031c7a6557f.jpg,Female,21,neutral,False
c9936f5b-1c75-4d83-b24b-e4f017c11d80.jpg,Male,21,neutral,False
f444ca14-d548-47f3-b961-4a3ed822d3db.jpg,Male,28,happiness,False
edc06586-355b-48b8-b474-b53057ad015f.jpg,Female,36,neutral,False
5f53d583-66ab-4a32-9d1c-bb670e34fe39.jpg,Male,47,happiness,True
0f0c3df4-d995-4145-b757-e0109f127580.jpg,Male,39,disgust,True
15ed7ad9-22d3-475e-9738-da05b4420974.jpg,Male,26,happiness,True
5ae975c9-fe49-4445-87e1-5ff3b3bc8101.jpg,Male,27,neutral,True
3a6af0c9-5319-4227-8124-ab9838f56ad9.jpg,Male,29,happiness,True
224b1ad5-e72e-41df-a330-8a21fdabb9c5.jpg,Male,31,happiness,False
579ed0d4-91ff-4bf1-b9f8-1c6f499df634.jpg,Male,62,happiness,False
7d1ecd46-921c-4a37-a4b7-a0669603f08f.jpg,Male,36,neutral,False
011b3a9d-ed90-4815-af9f-e0a06c1ac861.jpg,Female,33,neutral,False
2f9eac28-c1d6-4a4c-9f8a-b6f9f510eb56.jpg,Female,42,happiness,True
b6a5baf6-4fc6-4cc7-8254-00794c26cf30.jpg,Male,20,disgust,False
dd7ced9d-b78e-4315-9ea5-4b31d694e7f8.jpg,Male,45,disgust,False
4f8a6cc6-5128-49e7-bc53-7dae70a11a98.jpg,Male,43,happiness,True
a49c34eb-b252-48b9-97e1-edaeb95382c8.jpg,Male,40,happiness,True
51c621ed-f1dc-4f69-bb60-f7fb8885a271.jpg,Male,27,happiness,True
37e46549-6d7f-4a61-8ee8-a9afdbfba740.jpg,Male,34,happiness,True
b6921c67-2e7b-45e4-9e24-d2e8f6ce8e0e.jpg,Female,37,happiness,True
495772cc-d716-49fc-b438-a7523f630e91.jpg,Male,32,happiness,True
18858453-6a9f-4838-be67-06d1aeb0cd72.jpg,Female,32,happiness,True
9e52553c-d440-4794-b665-36e987be73e5.jpg,Female,27,neutral,False
99e9754c-23b7-479f-be42-6ac4f59b234c.jpg,Female,22,surprise,False
01b80bc7-2fcb-4981-91ba-ae2f68cd96bb.jpg,Female,58,happiness,True
42737b50-145c-4a22-addf-3cbd2983b6fb.jpg,Male,33,happiness,True
561c9d70-fc66-4f9e-9fef-cbb3bdbb1fc3.jpg,Male,32,happiness,True
990bdcf9-725a-4207-8abb-d1ff54687453.jpg,Male,24,happiness,True
1e480b30-8240-4927-a5c8-6207b329a1f4.jpg,Female,32,happiness,True
2a277d38-420b-48c5-b51e-225cb185be8f.jpg,Male,44,happiness,False
594854b6-7157-4ff5-8168-2e48b7b28a3a.jpg,Female,53,happiness,True
928fe079-484e-43ba-a72e-f8f44976c42b.jpg,Female,32,happiness,True
92f25d97-01d7-4632-a6d5-251842790b08.jpg,Female,21,happiness,True
a1a46004-f6c5-4114-a189-24a04244cac3.jpg,Male,26,happiness,True
5ab38867-10dc-4d15-a7e0-a970fdf4a740.jpg,Male,22,neutral,False
ebce27a5-afe2-4955-93f2-1d0c54a98c17.jpg,Female,22,surprise,False
05270bbb-eff1-4da0-8de4-ef66eca792db.jpg,Male,36,happiness,True
179757b6-3019-4da6-89d7-9e9d7ec2a51e.jpg,Female,42,happiness,True
a2e90d45-9f77-41a7-9c5c-2fa5079420a0.jpg,Male,47,happiness,True
2dc08107-70af-492f-bb9c-cfd7ef61913c.jpg,Female,44,happiness,True
55ad70e1-4b91-47ef-9d2f-b6ad4c1f430e.jpg,Male,39,neutral,False
1f209569-8fe1-4795-a891-826a6d156206.jpg,Female,31,happiness,True
30f963d2-66d8-45cf-a601-abcf686111d8.jpg,Male,29,happiness,True
6e2deed1-1d91-4a5f-9b7a-3cb777384ae3.jpg,Male,26,neutral,False
a1760f1c-6aff-4da5-92ef-05338ffd8156.jpg,Female,20,sadness,False
a6f33b82-1890-4c6b-b06f-0db1669458bc.jpg,Female,23,happiness,True
194fc419-b841-46ea-8a4b-8891f9d49e2d.jpg,Female,38,happiness,True
2aa2d4ba-047e-473a-b5c6-c1ec9485cdad.jpg,Female,29,happiness,True
298f564f-2fe5-4234-91a1-ad896a30cb41.jpg,Male,56,happiness,True
fab1163a-b07a-4ef9-9b46-1eedb9f32336.jpg,Male,34,happiness,True
cd3c54e1-64ea-4551-aab6-998357b4b5ae.jpg,Male,26,fear,False
e7e4cd98-62f5-482b-b96e-ddaf1cf8ce9d.jpg,Male,44,happiness,True
2c9c1243-6a7b-440e-abb6-20b282db939d.jpg,Male,29,neutral,False
10e8b46e-bdd6-481e-9c59-059aa93b471f.jpg,Male,51,neutral,False
682bf18a-02fd-4503-8ec7-c79020765d1e.jpg,Male,46,happiness,True
529f6611-d0da-4032-91c2-bb504a84ff79.jpg,Female,40,neutral,False
75892acf-abb3-40d5-935c-a00139112b79.jpg,Male,46,happiness,True
95f64ffd-82ff-4bba-8054-7546a5228ed4.jpg,Female,61,neutral,False
735e0790-3502-4ef8-84a3-90bed93cc4c0.jpg,Male,33,happiness,True
eddf8c44-a4a1-44cf-b5d7-41dafb93d6ea.jpg,Female,35,sadness,True
60cd14e3-0eac-4608-8b68-a1e35edeb513.jpg,Female,20,fear,False
27de8541-7ff5-4174-980d-ade1d9a63312.jpg,Female,53,surprise,False
d92f6ea0-315a-453e-bc58-e67ac6e15a42.jpg,Male,3,sadness,False
459c0688-766b-4532-9b56-f337d1a6cec6.jpg,Male,42,happiness,True
50afa035-bf1c-4ce4-baec-a161504d9afe.jpg,Female,20,happiness,True
d04733c7-c617-4975-b219-9f66338aee01.jpg,Female,23,neutral,False
9ee97b02-30ed-4aa3-92a5-50b9352091b3.jpg,Female,35,happiness,True
540a8eaa-f590-46d2-8456-fa4c3ca50d13.jpg,Male,34,happiness,True
df1ae940-d671-4ed1-ac40-b28d18bc5c4b.jpg,Female,25,surprise,True
1437b3fb-5fe2-4fad-9454-976bb84f7c19.jpg,Male,22,happiness,True
6029c039-5aaa-43bd-a248-498ecc7b8c66.jpg,Male,32,happiness,True
6b41fc6b-23f6-4845-978d-91e9246b02d5.jpg,Male,35,neutral,False
7c4c33e0-e3a3-4fda-8795-1f9d41dfb4c4.jpg,Female,40,happiness,True
149b6b3f-4555-477c-acbd-a3ee2d37f5b5.jpg,Male,25,neutral,False
5848b410-1323-47c3-b2d2-1bfef4e228b9.jpg,Male,31,happiness,True
f9fc96ab-e30d-4da8-85ba-3abe2526ede7.jpg,Female,25,happiness,True
e893ff15-2a31-448a-a6ed-fc173eee241c.jpg,Male,25,happiness,True
f7f7e51b-5637-4ef6-ae06-c52e0a352209.jpg,Female,47,surprise,True
53c587bd-461f-464f-bc83-46ed71ffb4f7.jpg,Male,52,happiness,True
b4dbe3f4-f407-4dd3-af55-3f85af63d64b.jpg,Female,30,happiness,True
d45b0ec1-84b1-4880-9fa9-c26eefd30e76.jpg,Female,65,happiness,True
45ae79f1-5ddb-4c9e-b3f3-b158cb7b3f48.jpg,Female,32,happiness,True
0cfa0a5f-0367-49f2-b927-5f4bb6d24c53.jpg,Female,25,surprise,False
eca787fa-1a0b-4f9b-b447-c7c057f328f9.jpg,Female,63,happiness,True
59d510c2-cf9d-45f5-a10e-a36e3d8b17dd.jpg,Female,27,sadness,True
0ed63417-b144-4a9a-980f-ca5f455b0349.jpg,Male,49,happiness,True
0d779008-a939-48b7-8ea1-094157d07775.jpg,Male,60,happiness,True
f08167b1-067d-4a74-b9a1-4e9aaf33b444.jpg,Female,43,happiness,True
cf323aa0-20db-4086-88f6-9bde08998702.jpg,Male,39,happiness,True
90e12f04-9a07-474d-8871-16fe5c0f7d6a.jpg,Male,29,happiness,True
cf4eaf03-c2bd-4d38-8d93-50ed7b899592.jpg,Male,25,happiness,True
da544c36-533c-4bc3-886a-5d852167efe0.jpg,Female,22,happiness,True
cbf1389a-7191-492a-a2b6-ea1df9bb2313.jpg,Female,38,happiness,True
b5a51fa9-860d-4957-831c-d7a79e6baf53.jpg,Female,35,happiness,True
8ecc5b1e-56fe-4b48-86d6-49b9157d8b57.jpg,Female,41,neutral,True
20b248f9-c18b-49e3-b146-2435fbd89314.jpg,Male,55,neutral,False
e995ee0d-2b82-45be-8c98-bbf0bc436987.jpg,Female,30,happiness,True
ae175a4b-c8d1-4343-bbdd-2265cbd45b8a.jpg,Male,26,neutral,False
90d5c506-50b7-449c-88ec-2d5249767ab7.jpg,Female,39,happiness,True
cfac36e3-e5f2-4593-9fe6-8975b87fa1e3.jpg,Male,22,happiness,False
70896f58-ac70-4ea4-9eb5-35d39b31d67d.jpg,Male,29,anger,False
32008ea9-1f8d-48e9-ba65-576eca6f2e90.jpg,Female,35,happiness,False
3fadded3-2467-4249-a575-988f3acea85e.jpg,Male,29,happiness,True
febb5641-c705-4c41-894c-ed7d36a36943.jpg,Female,25,happiness,True
0b1eb708-3fda-4e0b-9944-26946b16c931.jpg,Female,24,sadness,True
1962c2e0-5e39-4b71-9b9c-7c801f54ee34.jpg,Female,25,happiness,True
9c3e33e2-8a4f-485c-820f-4e2bf6738835.jpg,Female,53,happiness,False
8ec64279-6808-439d-ade5-657c4918ace3.jpg,Female,52,happiness,True
b0959d38-4e13-4f83-a602-41a9b073ac97.jpg,Male,35,happiness,True
e3d2688e-0098-4af1-a71b-a5ea44f733a5.jpg,Male,37,neutral,False
1dd11aac-653f-448a-bd93-b4c132d89cce.jpg,Male,25,happiness,True
51459172-8134-4b69-9c00-ef64742f0d8c.jpg,Male,22,disgust,False
8632a214-e69f-47f4-8c07-a77135e42e0e.jpg,Female,26,happiness,True
ab209792-363c-4407-a56f-8cbc14c606d2.jpg,Male,26,disgust,False
695e4ec2-3f03-4c02-8d63-bff32d8a6a87.jpg,Male,39,happiness,True
b0746552-bf7f-4fc0-bd3f-347dc19065da.jpg,Female,23,sadness,False
3c9c7bf0-2140-4e86-9fcd-351fccb7479d.jpg,Female,53,happiness,True
c4905d62-b766-4235-96fc-8437f440ddf2.jpg,Female,40,happiness,True
dbc2951d-4aff-4b9c-b2c2-cf546f8a23a1.jpg,Female,23,happiness,True
233d1280-df14-4c0d-b3c0-55c9af9ca1d3.jpg,Female,22,happiness,True
8e34a01c-7be7-4b00-a1c0-6e417d615b63.jpg,Female,48,happiness,False
d946b61b-4938-44ed-a7f5-117bc655638b.jpg,Male,20,sadness,False
a55e51f4-8954-4a3a-a0e1-5a99507df7f2.jpg,Male,41,happiness,True
5477d977-4382-48c1-abbb-e74b54dab720.jpg,Male,32,happiness,True
0f5b2f80-d322-4546-8e9c-e7d7728577c9.jpg,Female,34,happiness,True
af25131c-2e52-4838-89a1-6f317421c52c.jpg,Male,46,sadness,True
d8ef8497-4d41-46c6-bca7-def7ce5f218b.jpg,Female,35,surprise,False
1fd17cac-0803-4efe-aecd-7d875961c662.jpg,Male,37,neutral,False
41cad6d0-db72-42ce-b110-5b8c93bac1f7.jpg,Male,37,happiness,True
8e2a718b-5af0-4cd6-9f67-52e318e352b3.jpg,Male,27,happiness,True
e6010985-6234-4ddb-9643-7faeadfab78e.jpg,Female,24,neutral,False
0c3fb78f-4c09-48d2-a58d-0a7c9f0d4b23.jpg,Male,50,happiness,True
7e2fa6b9-29a0-4608-ac1d-9e9afedd8f5e.jpg,Male,43,happiness,True
af68ad47-fb75-4667-bb7e-eaef246e50b6.jpg,Female,62,surprise,False
4fae13f1-12cc-420e-85ec-d7ff6745e00d.jpg,Male,39,happiness,True
3b073ca4-73a5-4c62-b559-22a15a0e6b71.jpg,Female,22,happiness,True
f3070346-8e85-41e8-aa77-d9dd9b4ced40.jpg,Male,31,neutral,False
4db1d102-90f7-41e2-a5c6-ae5fb68caa88.jpg,Male,46,happiness,True
20430519-0de4-4116-93f6-87de78f8aadd.jpg,Female,41,happiness,True
8fcad019-093d-4ef6-8d12-2d1beb1d4ff8.jpg,Male,39,happiness,True
7fbbcc44-fa3a-43f1-93c8-01f12ef872cb.jpg,Male,38,neutral,False
4705fa0b-a6c7-4095-b025-8b589c411a5a.jpg,Male,47,neutral,False
ff654124-3564-4f0c-99f2-9d7ed033cac9.jpg,Female,36,happiness,True
51bd2cfa-22aa-4e70-ac73-4e6a4ad4fe96.jpg,Female,48,happiness,True
0d8ebe54-9f82-4b17-b12e-3bd1389dc49b.jpg,Female,36,happiness,True
9f3ff43f-e544-4cdd-ad06-47631932927a.jpg,Female,32,neutral,False
4a3e1ebb-43d5-4cbf-a68e-eef754456da3.jpg,Male,45,happiness,True
78f9ef7b-f940-4bf5-b175-c74d74571145.jpg,Female,26,happiness,False
4100bcfb-fc15-4ae2-a946-3f038f254be8.jpg,Female,23,happiness,False
6b609eb9-3612-418a-acd7-872a8e6f01f3.jpg,Male,48,anger,True
18fbeae6-0c17-4078-a696-c3932fd4fba5.jpg,Male,25,happiness,True
54491f67-40e3-4b6d-a19e-40c86f3e5f81.jpg,Male,51,happiness,True
b28ef1a4-bf03-4a79-b8f8-ce8ae4470a7b.jpg,Female,48,happiness,True
c4bbe294-34b0-4649-b82e-b9d4d62e8228.jpg,Male,31,neutral,True
150fbefa-f624-4070-91b7-79a5ac09b3d7.jpg,Male,33,neutral,False
107535a8-f1e1-4829-9666-12c0275c2455.jpg,Male,37,happiness,True
e324ee06-32f3-458c-a548-f09e6a4b538f.jpg,Male,55,fear,True
443c92da-9a0c-4e41-9493-bcb85ba70397.jpg,Female,38,fear,True
8357ec2e-5b35-4a5c-b64a-db9332a52969.jpg,Male,35,happiness,True
1e0d459f-6cc7-4fd2-9ab3-ad9ab2bcada9.jpg,Male,51,happiness,True
6cb72dc6-750b-41cf-9b21-7109e25ddef9.jpg,Female,48,neutral,False
67e9f325-0786-40dd-a017-6d75c1767d49.jpg,Female,35,happiness,True
4b2c1c3f-0db9-4c09-af9a-c189ac15314a.jpg,Male,25,neutral,False
3d8618d5-f41a-45a6-bd4a-17f543854db5.jpg,Female,45,happiness,True
6255738f-7b25-4616-bcef-0e3cd7342901.jpg,Female,63,happiness,True
a716bfbc-8912-472a-aa73-a2f862c5d82e.jpg,Female,25,happiness,True
199d127c-0017-4d56-bf77-cf6c30dce69c.jpg,Female,31,happiness,True
2f6a19fb-f417-4a6a-9e71-7059345e97b2.jpg,Female,33,happiness,False
0f20394d-cb16-4dbc-bd2c-5dec2d0bd88b.jpg,Male,28,sadness,False
364b6115-dfd5-4605-b631-54bad97138d2.jpg,Female,61,neutral,True
4f9045cf-04cf-4b1b-a1b2-5f102d96adbe.jpg,Female,21,sadness,False
ac92fee0-2fc9-4818-8063-e85378d58904.jpg,Female,50,happiness,True
fc16c0ec-fee5-4c46-be88-97f76e28249f.jpg,Female,41,happiness,True
2954ef98-248a-42fa-8cfd-9c8a550ae13c.jpg,Female,30,happiness,True
07f84d8d-bf97-46d2-9a4d-84d296559a4f.jpg,Female,21,neutral,False
3db2137a-ee14-4a92-a01f-48a46e744af3.jpg,Female,28,happiness,True
2b4ccc61-e5bc-49ac-86a3-57ce4d38a639.jpg,Male,39,happiness,True
254e294d-3da2-4093-a7ee-80a575393aa7.jpg,Male,47,happiness,True
c70b91bb-14a0-43f1-a105-0e7030cec902.jpg,Male,28,happiness,True
cc5ebbed-68e9-4019-886f-1b85fa9384e8.jpg,Male,52,neutral,True
48eabece-a10a-4a48-8a64-3e7f29504b03.jpg,Female,65,happiness,True
2285cef7-8265-48ec-bf39-fb53c220a9fb.jpg,Female,26,neutral,False
36d484d8-08fc-47ad-ae23-e2e6aa52e815.jpg,Female,26,happiness,True
18061b53-74bc-414a-a4d4-9e35be431f48.jpg,Male,22,surprise,True
c5710f16-94f5-4a1a-902c-8a696ccf91b7.jpg,Male,31,happiness,True
36777997-d077-446a-a525-dfda201b75b8.jpg,Female,23,neutral,True
d71303f8-def1-468b-8ea8-54841dd2c4e5.jpg,Male,43,happiness,True
4157a660-093c-4129-9ebd-9055b550f0d9.jpg,Male,26,happiness,True
ca6a2ac9-ff38-484c-93b0-12ff33db8dd0.jpg,Female,45,happiness,True
9b252cd5-334e-4618-a67c-78e25439e43b.jpg,Male,21,happiness,True
a803c398-2ef3-486d-bd1e-907cdc7f4af0.jpg,Male,29,neutral,False
62d36c25-8e5e-4117-b2c9-ac85dddea618.jpg,Male,27,neutral,False
83d0ee45-57f7-4f78-8205-f58ca8df2685.jpg,Female,42,fear,True
6691a78e-e35f-4a8d-bd1d-a76d5e68a386.jpg,Male,46,happiness,True
b0d188db-4e76-4c6e-9a19-4a518ac8e3d7.jpg,Female,44,happiness,True
c147ba2f-4744-41f3-bd94-4393914f960b.jpg,Female,32,happiness,True
0c5e9a27-aa77-4ec3-81cb-bea87c5e2043.jpg,Male,40,happiness,True
db8c5da9-edd8-4271-a5b7-8b7c3d09c9f7.jpg,Female,32,happiness,True
dcf494a2-55d1-4069-a521-3892f6f9301b.jpg,Female,38,fear,False
87a241e4-a427-436e-b6a7-6cd14602faba.jpg,Male,32,neutral,False
675ef9aa-5b46-4620-829c-0227b92fd655.jpg,Female,26,happiness,True
ac690585-cde0-4f8b-ac12-f84af6df00b0.jpg,Male,60,anger,True
ff7ec2c9-5e1c-413c-a594-bbd30894ebb8.jpg,Male,64,happiness,True
8ff2493d-a533-4e86-97e5-2f75461eec74.jpg,Male,23,happiness,True
4118efef-39bd-4904-be1a-9bc9b776c7a9.jpg,Female,48,happiness,True
95116d99-f536-43af-9088-6ef09c809c16.jpg,Female,51,happiness,True
ad43ed95-d72a-4993-aecb-5436ef14a13a.jpg,Female,44,happiness,True
418784dd-1480-476d-a66b-596f2d0318f6.jpg,Male,39,happiness,True
77209677-36ae-4c56-9d77-7d577f181ec7.jpg,Female,47,happiness,True
df1020dd-788a-403b-b630-e02f91b4761b.jpg,Female,30,neutral,False
f1c6c80f-e604-4f7a-adee-b7d180e20dea.jpg,Male,59,anger,True
900a3d3b-f66f-4d2b-b300-40358897d57b.jpg,Male,29,happiness,True
87b1630a-d6cc-4bd2-9928-77d4144f9cf9.jpg,Male,27,happiness,True
31dcb4e7-911b-45bc-a0b0-643e01445e4c.jpg,Male,49,disgust,True
6ffdca75-d33b-44d8-be53-6811a8946f46.jpg,Male,42,happiness,True
7d4e2203-835f-43bd-a7c5-e9530a659e10.jpg,Female,30,happiness,True
016f0241-bad4-491c-8438-618105ec9b0b.jpg,Male,36,neutral,False
aaa4dce3-c809-45a4-83cb-3f5bd1d4858a.jpg,Male,27,happiness,True
55f67d2e-a382-46d6-b774-3c717df101fc.jpg,Male,43,happiness,True
1ff8edd9-7741-400c-9ca0-d17c4296ccc7.jpg,Female,49,happiness,True
de919876-fb23-443c-82f6-2e6a34a8ac6d.jpg,Female,61,happiness,True
cf15d463-041c-43be-98ed-5a6380f4cf40.jpg,Male,21,happiness,True
1cf79bdf-1992-4666-96ad-006f3ca93487.jpg,Female,29,happiness,True
3c0b40e6-e6a6-4cfc-b159-5e00b9f7f340.jpg,Female,35,happiness,True
3bb5b4d1-dc25-4851-9cba-65525eb6b307.jpg,Male,52,happiness,True
c1065708-21a8-44f7-92de-37ec6b8bee3b.jpg,Female,68,happiness,True
415141d6-c9ee-4eb5-865a-99cac098dcf1.jpg,Male,46,happiness,True
7a698dd5-e7cf-4bb7-b698-0209abdb34ab.jpg,Female,32,happiness,True
5d8597e2-8a01-4541-9385-60b6984b0abd.jpg,Male,49,happiness,True
f043dfb8-98b9-4377-8542-c036a108df73.jpg,Male,21,happiness,True
e737816b-0571-451d-977e-95358fc92fc3.jpg,Female,22,disgust,True
c5771127-7dc8-4ace-beb6-11e1e2017179.jpg,Female,26,anger,False
dc88c33e-ed1d-4153-a8b6-7e75df5858c3.jpg,Female,32,happiness,True
874167f1-8c79-4cf7-a088-f1f91d396057.jpg,Female,28,happiness,True
ae8bdebb-049e-4db1-886b-f24ad6375065.jpg,Female,28,happiness,True
a168239d-025f-45e6-93e0-c6a62a72cfe3.jpg,Male,36,happiness,True
ba492835-c0d9-4e37-aaaa-c0a7232c2365.jpg,Female,44,happiness,True
8b7c2176-cc5b-42e5-9dc9-909c1426c686.jpg,Female,23,neutral,False
e89b8b79-ce2d-437e-b387-2026c1ba2379.jpg,Male,34,happiness,True
1bd98cc6-a6d0-4165-b376-90038001cff5.jpg,Male,53,happiness,True
3e7f48e4-e6e3-48b5-92ae-9d4a93bd397a.jpg,Male,52,happiness,True
265d9840-d846-4d52-97ab-65940c4b14e7.jpg,Male,48,happiness,True
417f1b20-b06b-4888-aa8a-6d37b71bf046.jpg,Male,29,anger,True
5406c763-72eb-479a-9330-e50251eea12b.jpg,Female,24,happiness,True
117b83fe-62a9-4c01-8e2f-7d89de1b7e31.jpg,Male,36,neutral,False
bf665fb9-15ed-4aab-ad95-44230526c14b.jpg,Male,49,happiness,True
0fea47d3-c049-44e1-8abb-770fe25857c5.jpg,Female,34,happiness,True
172c249b-12cb-41cb-b9b2-b99e22e8649e.jpg,Male,23,happiness,True
213397bf-8550-4a81-af92-291cd294a144.jpg,Male,23,sadness,True
b80c4732-6fa3-4331-8a80-089582f3632b.jpg,Female,53,neutral,True
5e1940da-f67a-44d1-9449-1b727bccae9b.jpg,Female,69,neutral,False
c1f7869d-e0fe-4639-b7e1-788eb84d0d77.jpg,Male,41,neutral,False
d349585a-bba7-446e-ad84-445ddf9abfcd.jpg,Female,25,happiness,True
df95d01b-be3d-482e-8871-3af422aec9b3.jpg,Female,27,happiness,True
c9a0d2f1-e0b8-49ae-8087-3ea2b5dd86a3.jpg,Female,23,happiness,True
f79d1471-077b-43cf-9214-ae2addedf5ca.jpg,Female,24,neutral,False
0676ec99-dd68-4766-984a-eb15e0f56f18.jpg,Male,63,happiness,True
77ab4d00-d781-4021-9e86-287d0209f927.jpg,Female,34,neutral,False
fd33e7ea-77fc-4a59-889f-62e8d47626c9.jpg,Male,39,neutral,True
39010226-e11a-4ffa-af52-33e52cb088c5.jpg,Female,40,happiness,True
ba4528a3-2dcc-4624-aa4b-a8e4405ec3cf.jpg,Male,44,neutral,False
abe6a6bb-734e-42c0-a349-25a011123fbb.jpg,Female,35,neutral,False
016fff33-a7fa-4cc7-b008-56809963b916.jpg,Female,63,happiness,True
9953bbb3-4147-4e98-a00d-dd5e7899da08.jpg,Male,30,neutral,False
bf33545f-be24-430a-a824-7d3f175613b6.jpg,Male,60,anger,False
b5349d8a-af4a-4cc6-b060-9084d92d6a54.jpg,Female,25,sadness,True
f1e71cc3-076d-4189-b20c-50394c1e31ca.jpg,Female,70,happiness,True
dcd46aef-1753-45d1-bb4c-5cf00788ed60.jpg,Female,37,neutral,True
2555005f-cb86-454b-b98a-550e11248fe0.jpg,Male,34,happiness,True
2a25d49a-10d6-482e-b0b0-e3062604b45d.jpg,Female,25,happiness,True
1c914f5a-5a23-4597-b697-029f5ef6b3ae.jpg,Male,48,happiness,True
9a24c141-8007-487a-b03b-c7673c8824fa.jpg,Male,24,neutral,False
1c14a81c-9105-4397-b178-418430340565.jpg,Female,34,sadness,True
f9d35343-fb95-4c64-9abf-026cd142f318.jpg,Male,43,neutral,False
5fb18237-6d02-4432-864e-b6847a5e417e.jpg,Female,34,happiness,True
d9d5b341-9019-48f2-87eb-c27e36c02909.jpg,Male,37,happiness,True
b3097646-e787-45bd-bf88-dd2088e491b7.jpg,Female,23,happiness,True
a3e18326-92c2-464e-bf7f-7cc2984bfec9.jpg,Female,21,happiness,True
7788c67c-fb50-453d-ad39-23a0559d28af.jpg,Female,22,happiness,True
a2a6a44d-6792-4445-a33d-a973e30708e7.jpg,Female,47,happiness,False
add04bfa-9585-4319-8ce3-1a17c010c317.jpg,Female,29,happiness,True
dce3928d-f32f-4636-86ef-6dba67873613.jpg,Male,34,neutral,True
15c139f9-2e38-4922-8063-dd459704f901.jpg,Male,29,happiness,True
be793c10-2214-4a64-9383-d41848b3cf7d.jpg,Male,20,happiness,True
258b7880-b854-4a05-93b5-cd631f7c3223.jpg,Female,48,happiness,True
c04bdd60-e37d-4b4f-b068-beb1a0dbe061.jpg,Female,27,neutral,False
e3e9465d-2054-405f-ace4-765e0d1fb1b2.jpg,Male,55,happiness,False
1baf9e9a-913d-4194-8120-b1c6763f6c21.jpg,Female,22,neutral,False
52936e25-a156-41e7-a574-18b9b777e062.jpg,Female,26,surprise,True
d57db391-188e-4caf-9320-f280ef973367.jpg,Female,41,happiness,True
cd551997-4b49-48f6-9106-b91548fbc7cd.jpg,Female,31,happiness,True
7c443221-0735-4fff-8477-71cf573c3a92.jpg,Female,20,happiness,True
ae339cc5-8298-4269-bc6e-137329287252.jpg,Female,83,happiness,True
f3b4637b-4a85-4cd9-8829-a006f31fb0d1.jpg,Male,20,surprise,False
f6c4bfb6-3a35-4ea9-b4a9-b519377b5a1a.jpg,Male,44,happiness,True
b822ae62-8e18-4901-be10-a4ef45886e7a.jpg,Female,37,neutral,False
6746d2ec-94be-49a3-98fe-7b3880d0f3b0.jpg,Female,26,happiness,True
7670e99d-513f-4c52-b919-61ac27b9f422.jpg,Female,27,happiness,True
f8fa7ead-a5e2-47fa-a9e7-eb9e2c643cdd.jpg,Male,40,anger,True
e531debb-8499-4a73-96ef-2f8990ba1a96.jpg,Female,35,happiness,True
acfa4f4d-44d2-47fa-bf46-52bf63576da1.jpg,Female,33,happiness,True
1b6bf47f-db39-47a0-b671-a4bba810df63.jpg,Male,23,neutral,False
3af821a8-4d5e-4fbe-84ec-e04b07b1c62b.jpg,Female,31,happiness,True
e6a62fe0-d07e-4ddb-b4b9-464cf6a25612.jpg,Male,33,happiness,True
811b0683-ed35-47da-8106-5ce70c2b5fdc.jpg,Female,49,happiness,True
4b37be7d-f4fc-4674-9128-347ecbbf287c.jpg,Female,47,happiness,True
a640c989-e881-4f73-9ea7-2c9dd182a123.jpg,Male,31,happiness,True
e6e3a59a-1181-4fcd-9ab8-2329aaa78330.jpg,Male,44,happiness,True
7319c399-5721-4574-a872-7441deb8b875.jpg,Female,32,disgust,True
a7f7c42c-010f-41a4-914a-645a847386b1.jpg,Male,37,neutral,False
c10d827f-3b47-4d5f-8652-d9df7bb21dad.jpg,Male,47,happiness,True
d8dc6155-81fc-4a7d-ab89-4652019fcf78.jpg,Female,26,happiness,True
376fc57a-c1d2-4737-be0f-fd3fec721d89.jpg,Male,68,neutral,True
9215da6a-36ee-4c01-a1bf-e51ad16a28a6.jpg,Male,53,happiness,True
10de9fb1-69a9-417e-8ba5-decfd2d1fa1b.jpg,Female,21,happiness,True
964a6f82-4f72-4eb8-9095-ac9b7844c6bf.jpg,Female,33,happiness,True
2204fe87-ec36-4d92-92fb-3f3a96332824.jpg,Female,30,happiness,True
22f40761-8186-408c-a9ba-2a98abecc2ff.jpg,Male,59,happiness,True
0ff52dfa-b055-4d4f-a20d-e8d4b65227a6.jpg,Male,36,neutral,False
93af2dd3-8936-459e-9b09-7aed95195805.jpg,Male,30,happiness,True
2ff99384-0d2b-4fe3-a808-a353338ddfa8.jpg,Female,43,happiness,True
60991308-d2d6-4003-ba2b-28017e26c99a.jpg,Male,25,happiness,True
f34e92f0-fa16-4c05-b722-8fba1eb03c0b.jpg,Female,37,happiness,True
1837b1a1-4650-41fa-9bde-76408be5b4c8.jpg,Female,28,happiness,True
16dd72df-ef83-45bd-b642-5d96c4ab2227.jpg,Male,36,neutral,False
ce4c0410-7cc5-4c4c-9459-1449e49640bc.jpg,Male,32,happiness,True
53de4f9c-09d4-41d0-8aeb-a490d89e4578.jpg,Male,51,happiness,True
63b6b425-8df7-479f-a3a4-a4ab6054f3a7.jpg,Female,21,sadness,False
aeccbe85-1785-4b86-a7a9-5cb05fba0898.jpg,Male,26,neutral,False
d971ed34-3c67-4a54-8b55-f656616f28eb.jpg,Female,33,neutral,False
77ccd303-5bd5-46a7-a6cb-3da8c2003a64.jpg,Male,29,neutral,False
1d9c65a2-1515-43ee-b0a0-508bd171dbee.jpg,Male,51,happiness,True
8ec67449-9269-466a-a080-be45445ad4f4.jpg,Female,38,happiness,True
7c5a7d7d-5ae8-4a0c-a3dc-de161f676504.jpg,Male,39,happiness,True
4ba01b92-cb95-4417-8a14-554aac8467df.jpg,Male,34,neutral,False
f1fd3027-6caf-4425-8be8-f5e3347d2c2b.jpg,Male,49,happiness,True
951cdbe3-7bcb-4d29-9c1a-1adb168c07e0.jpg,Male,32,neutral,False
aa356281-ed16-477d-9b0b-616fc03bf517.jpg,Female,30,happiness,False
1085e9d5-40ad-4cc3-801a-7db8a1378911.jpg,Male,23,happiness,True
302ad539-cb57-44b9-9c31-c50b5c115ddb.jpg,Male,39,neutral,False
ad4468fb-d41a-4974-88d9-4f8de7c5fb4e.jpg,Male,82,neutral,False
4f14de33-3f20-4126-975a-62d50c548da4.jpg,Male,31,happiness,True
6bd6fb3e-951e-4468-86e8-a0af185a8420.jpg,Male,37,happiness,True
bff161f8-f637-48f5-8a81-30efe7ea149b.jpg,Female,26,neutral,False
904a7532-afcd-4820-b380-8cada2bb2b61.jpg,Male,33,disgust,True
aa9642fa-7e38-41dd-9754-38a71fab3f9b.jpg,Female,27,happiness,True
37082676-65dc-4c2c-87d3-ce6fa0aed1e9.jpg,Male,42,neutral,False
f4e41300-a8f5-4d16-aaab-57dd7c9e8e8d.jpg,Male,24,happiness,True
41949047-c634-4e6d-a38a-6c95b8885a18.jpg,Female,30,neutral,False
5be457dd-16dc-486f-afc1-a13db5630850.jpg,Male,23,neutral,False
48f55ecc-1c5d-4609-ad19-5e8238fc0da7.jpg,Female,54,happiness,False
e3435956-938b-4e56-b7ad-5521b39672bf.jpg,Female,28,happiness,True
910d234b-4abb-4dc8-b877-bf7d8c34fea9.jpg,Female,48,happiness,True
032198cd-3686-4c90-aab7-0611e93d81da.jpg,Female,36,happiness,True
805f09e6-7d8d-43d0-b7ad-4328e069acf5.jpg,Female,24,happiness,True
098226dd-7cc2-4907-801d-5dde4ad7327e.jpg,Male,58,happiness,True
7dbdf2e0-1ae9-412b-a119-2d9517b9bfd6.jpg,Male,70,happiness,True
c12afdff-83cd-4b54-82c3-8227fcb68047.jpg,Female,46,happiness,True
22d1f912-049b-4fa3-b95b-4ce26a63e8cf.jpg,Male,26,happiness,True
e2c1ae8f-4b89-40d9-bd4f-246c5aad258b.jpg,Male,23,surprise,False
dab9983c-a16c-479e-a951-f1e3c07782c3.jpg,Male,42,happiness,True
c2cecc21-e63b-4bc3-8580-b2a1107ed14a.jpg,Female,40,happiness,True
f9bbf285-a692-4004-ae9c-ac2fdf5fca00.jpg,Female,32,neutral,True
b34c7789-119c-4f7e-bde7-a3f046d46b1e.jpg,Male,29,neutral,False
df8a8713-c6cc-4438-aafc-c7650d8ac7a2.jpg,Female,40,happiness,True
e3106cdd-6137-48a4-ae52-f0025eb6de6f.jpg,Female,23,happiness,True
01722338-5e32-4a29-a888-0169e7e461ef.jpg,Male,30,neutral,True
bb68b86a-c7f1-405b-ad95-0ffb653e3ecb.jpg,Female,35,happiness,True
47fd921c-c17e-4e37-936f-935af3343650.jpg,Female,36,neutral,False
d15afed2-ac68-4cb9-92f4-71dcf9e17a6c.jpg,Female,45,happiness,True
3443fbbf-de1d-4e4f-8782-8aa901abb54c.jpg,Female,25,happiness,False
26c319d4-66fe-4c84-a676-3329e96f4f85.jpg,Female,26,happiness,True
04b433f6-bb8e-4a89-85d7-f1fd01175cfa.jpg,Female,27,neutral,False
6e6de3ed-1d18-4120-8beb-0d1e1ef3c9ad.jpg,Female,40,happiness,True
d7e75098-4d65-4cab-b8bb-6d7a25aa2278.jpg,Female,59,happiness,True
ece925b0-3c32-4625-8f9c-fc372b8af691.jpg,Female,55,happiness,True
08b01255-51df-4d8e-bea2-2a1a35c05863.jpg,Male,25,neutral,False
4f05ca3b-883f-4bcd-b691-55928d9eae4f.jpg,Female,25,happiness,True
ad5ee985-0a85-4c33-b67c-72a0b5d5bd4b.jpg,Male,37,happiness,True
5918d6c4-62ba-4a0b-ab30-83a9779679a6.jpg,Male,31,happiness,True
081e9ff2-96e4-4e88-8810-d02e05408b68.jpg,Female,35,happiness,True
376314bc-1268-418d-b584-1da60f76ae75.jpg,Male,27,neutral,True
bce8a32c-2780-4eb9-85b8-6d610e6df948.jpg,Male,33,sadness,True
12e4b8b5-bb2b-41f7-adf2-e199b29125e6.jpg,Male,23,neutral,False
71f52d0f-1954-4820-9a91-1ff9eddf9128.jpg,Female,30,sadness,False
daf08e5b-fa33-45c8-96a1-30f36c862520.jpg,Female,40,happiness,True
8d3453f1-ec73-49d3-9c6b-a49b542dec22.jpg,Male,33,disgust,False
0b78ea29-d282-44de-897b-05b5a63a3e10.jpg,Male,41,neutral,False
fe26ba42-e6fe-4b1d-b12a-02e6677e1754.jpg,Male,36,happiness,True
8e90cb60-457c-4f70-8527-935dc2bd9afc.jpg,Female,30,happiness,True
5c6a9e93-c8e9-4ec1-963b-6f74c65f9f26.jpg,Male,45,happiness,True
faad141f-6e03-4523-addd-5865d6d3b1b3.jpg,Male,38,disgust,False
dd54ab2b-1dde-41d7-8959-aed35a0277af.jpg,Female,27,happiness,True
7e165b55-a364-42f1-9a46-6fe816101105.jpg,Female,25,neutral,True
dc1bdfd6-6027-493e-b19b-e2247ccd554d.jpg,Male,30,neutral,False
39331fa5-0c01-4978-81fa-609c5acdc43a.jpg,Female,36,happiness,True
ecdbb1ea-19a3-4a46-8931-e0642cecbfac.jpg,Male,25,happiness,True
fa332c68-9b33-4864-bbef-71631a4ac18d.jpg,Male,33,happiness,True
52809081-2423-498a-8c4f-c9a9ee3ddc04.jpg,Male,43,happiness,True
f64d1ea6-744f-4c5c-af2f-105d3ab429ad.jpg,Male,33,happiness,False
c1ab0629-709b-4175-9f82-5dcbf5044f11.jpg,Female,38,happiness,True
3e2ab2c3-92cf-41ed-a89c-71905e1a8209.jpg,Male,28,neutral,False
445eb7ae-ae19-460b-b58f-7152ec2ef350.jpg,Female,26,happiness,True
b3af2a87-466b-46f0-9ac1-879b45cd182b.jpg,Female,36,happiness,True
9d616da4-cf82-49b1-822f-61399313bd2d.jpg,Female,17,neutral,False
23defa53-6582-480d-9ce3-d8d1cd9be7f6.jpg,Female,36,fear,True
c946faee-877d-4ae1-910e-219480c97737.jpg,Female,38,fear,False
e6c9d0c5-0402-4391-8bf8-7287174eaf80.jpg,Female,23,happiness,True
d3c022cc-167f-4e61-b446-c41447bb9913.jpg,Female,29,happiness,True
beb5babb-dcc2-493f-8704-c9e515af28d3.jpg,Male,37,happiness,True
8e893029-936a-401c-8c7a-98496cf6326e.jpg,Male,59,happiness,True
5db8450c-382d-4b72-a7d6-00af48cf3c99.jpg,Female,23,surprise,True
328f936c-368e-492d-abe0-eb0b0e0fbf20.jpg,Female,39,neutral,False
6ee0c3fb-a63a-4523-93fa-ff720a68aff1.jpg,Female,24,happiness,True
035d07ca-4876-4ddc-895f-221bf4c1674f.jpg,Male,56,happiness,True
533804e2-d5a7-49e5-8293-f5af32de56e1.jpg,Female,26,happiness,True
0d6e7fdd-3705-45e2-8b14-f2d79b834830.jpg,Male,34,neutral,True
47e2d42c-3779-47ec-948f-854ebe219b6e.jpg,Male,30,happiness,True
8d7ffe42-8585-495a-a5b9-4a2e08dd258b.jpg,Female,74,happiness,True
505dde74-9c4e-4724-bdfd-a401e57bd7b2.jpg,Female,35,neutral,False
c49a826d-d64c-4908-a6e8-067bc89e2f92.jpg,Female,32,sadness,False
39b8bb12-0c74-4d7e-a5ca-2efba16772bf.jpg,Male,35,neutral,False
f0c0e1cb-8807-4602-bef9-e7957f8cb69c.jpg,Female,35,happiness,True
b4171893-51bd-420b-befa-ccd87c1b20df.jpg,Female,25,neutral,True
6715b099-67aa-4e46-b9e2-4c243a084698.jpg,Female,44,happiness,True
22cada9f-5b2d-42b7-aa07-4daa79add4fa.jpg,Female,25,happiness,True
6f98abe7-d54b-42e1-ac97-148d237bd26b.jpg,Female,25,neutral,False
fa015926-6899-4606-95ce-a3ac9cbb7f74.jpg,Male,37,neutral,False
e7107a2a-650c-4d6e-aad4-b1a0d15a7e3e.jpg,Female,37,happiness,True
50b905d7-16b9-4300-8eeb-916804844f6e.jpg,Male,38,happiness,True
9d7f39d0-d1e0-4059-b14a-a26f13330420.jpg,Female,51,disgust,True
13824867-5d20-4922-a2ff-9fafabe4d3d3.jpg,Male,35,neutral,False
a3075839-330e-404f-b680-fe76f6c276eb.jpg,Female,26,happiness,True
1c733443-d34b-4358-8dea-6e0c2eea538a.jpg,Male,7,surprise,False
1e7d8ccf-fba6-4fc4-bf8d-132b3597f63a.jpg,Male,25,neutral,False
345c9e00-5433-4556-a10a-cc118558a65b.jpg,Male,25,happiness,True
776e642e-c16a-4b23-baf0-179b7972fefd.jpg,Female,29,happiness,True
cda368c7-7d7c-49fc-b0f0-7cde99e6d13e.jpg,Female,28,neutral,False
1a0ec0bb-5c7b-40e1-a37e-96c779c8fe32.jpg,Female,30,happiness,True
0aa6b3cd-bcb2-4089-a5b9-97b4e0589ace.jpg,Female,32,happiness,True
d9632523-e6f9-463d-a0b5-63fde9d26850.jpg,Female,28,happiness,True
48e9e2bb-0a7e-439a-b3c2-4b2dda64b1de.jpg,Male,42,happiness,True
5d02487b-7391-4ac4-b07b-427892136d2a.jpg,Female,28,happiness,True
4ef8282a-cd1d-48e0-82b6-5f864a4b3fe0.jpg,Male,41,disgust,True
bd7de2d6-65ff-433d-8930-1e4d21310dae.jpg,Male,33,happiness,True
d29cffd0-1313-4773-b201-fb0c71b61ff1.jpg,Female,24,happiness,True
c095ffae-bfe9-4ba0-8993-940eb603dbfe.jpg,Female,34,happiness,True
c714be2f-469b-4aa5-9ede-2e6248195d40.jpg,Male,44,anger,False
bf30ac95-2323-40a8-aced-8be892ef62a6.jpg,Male,27,happiness,True
9139294f-e84f-4365-b73a-003b55054ede.jpg,Female,23,happiness,True
777ad436-94f3-4bfe-ac02-9b90283c4e16.jpg,Female,40,happiness,True
772a5a89-71f0-4e33-b247-a4f0e712ea1d.jpg,Female,22,neutral,False
cd92c58b-5360-42b3-ab43-2c2333c0aef3.jpg,Male,43,happiness,True
af8185d0-133c-440d-8d59-226a1e5dfe64.jpg,Female,25,neutral,False
6aca1e88-1447-4380-b750-4c9b50f758d1.jpg,Female,25,happiness,True
1bdecb6f-4183-432d-8cb5-f6f09661dc5c.jpg,Female,19,happiness,True
2a758235-8aef-49ed-abcf-2de65bac7af5.jpg,Female,45,anger,False
5646726f-078c-4276-98f5-bbd0cbb3acf4.jpg,Female,56,happiness,True
e0957b36-2c60-4f96-a74b-72782d0c9fe3.jpg,Male,30,happiness,True
902231bb-64ed-4d7a-bd4f-8704885b9399.jpg,Male,30,anger,True
4603da36-8119-43c7-b3fa-dc764af3136a.jpg,Female,28,happiness,True
6835cb14-5ac2-4846-9255-e0032a3a1252.jpg,Male,78,happiness,True
8eeec7d1-7cf2-4688-bc4b-ae84581ef7aa.jpg,Female,30,neutral,False
ec9b98f0-34ec-405e-8004-63995e5d6a9e.jpg,Female,58,surprise,True
5c3fb2c4-2672-4421-a639-0ec2f6dfd163.jpg,Male,31,sadness,False
80fb78fa-71f9-4784-8726-dee0de14a26a.jpg,Male,36,happiness,True
3947fbc4-291d-40fa-9a95-3d8377882dd6.jpg,Male,22,neutral,False
f365be82-1ed0-454a-8bdd-43d4b9117050.jpg,Female,27,happiness,True
2837b9d4-84e2-46d2-91b8-06237d5b3547.jpg,Female,56,happiness,True
99d0c881-0f33-469f-9a6b-13f3863d0c1e.jpg,Female,39,happiness,True
bc7f271d-8db8-498b-82a5-21f31d9075fd.jpg,Male,46,happiness,True
e4f248ca-4831-4171-a3e7-b8944eaf7712.jpg,Female,51,happiness,True
2dc84973-dcf8-4216-9ed0-991f5fcc186f.jpg,Male,47,anger,True
28e5626a-4aac-4ea1-a491-4ce3fbefb4e1.jpg,Male,30,happiness,True
6f1bd262-f093-448f-8bec-3b8ae97e852e.jpg,Male,22,neutral,False
5c11e77b-33f3-4f65-bd47-9176fa8aa226.jpg,Male,38,happiness,True
6d630bac-c990-4e9d-9b70-919191a10a22.jpg,Female,55,happiness,True
ad16af0d-6715-4099-ab09-60b474ae5c8a.jpg,Male,41,happiness,True
be43be7e-e81e-4eec-b23f-5a51aeb4e9e9.jpg,Male,35,happiness,True
06ce73a8-7efd-4f42-bcf6-184c7618b54b.jpg,Male,26,happiness,True
73f9638d-e2f4-472a-a412-b99b1a299559.jpg,Male,26,happiness,True
7349888a-2513-4cee-a5e2-7ebc5704fa37.jpg,Male,32,neutral,False
146b7259-bb68-4fda-8c82-b85876c96210.jpg,Female,31,neutral,False
8c071866-4164-436d-8b84-0b91413c30c7.jpg,Male,43,neutral,False
7867ad28-fd77-4aa2-a5a2-121ad1c5a44a.jpg,Female,24,happiness,True
cf33debc-e93b-4ad0-93ed-11dcb9563153.jpg,Female,27,happiness,True
d449892d-8a28-48c7-8b5f-9be45bbc099d.jpg,Male,28,happiness,True
b931e334-3276-47a0-9097-dadc2935dac3.jpg,Male,52,happiness,True
34202cee-1a17-413d-acfc-73f2eeb15130.jpg,Male,24,happiness,True
97682fef-5c87-4928-a574-6a88a32ad9be.jpg,Female,46,happiness,True
4dc15c5d-b4c6-48b7-9760-943044c8691d.jpg,Male,41,happiness,True
4de7eae6-b4a2-4fb0-9993-281261b5259a.jpg,Male,43,happiness,True
028ca635-f913-4818-a2e6-0910d5707142.jpg,Female,43,sadness,False
1a11f1df-54aa-458e-bf3c-418c8a5f45e2.jpg,Female,30,happiness,True
28ad39b1-4eea-49fb-a165-efd4bb8b65af.jpg,Male,27,neutral,False
fc66b344-15f5-4a34-aa35-02fbb40024b5.jpg,Female,31,happiness,True
a4c0267f-dbcb-4040-9ee8-ebea276c065a.jpg,Female,40,happiness,True
a72b2e6e-0ea4-458c-892f-3dc5ce11a6f9.jpg,Female,27,happiness,False
4093af40-d964-4886-bae6-28c2d0717b92.jpg,Male,54,happiness,True
05253ca8-af8d-4983-abf0-e38ed84216ae.jpg,Female,36,neutral,False
ab31a46e-71d2-471a-966f-fbe220c1c4ab.jpg,Female,24,happiness,True
5dc8fb4d-3f56-4e3f-91dc-4df9d335f31e.jpg,Male,43,neutral,False
3d5edf9c-6cfe-4997-b9d8-f30bb3e702be.jpg,Female,34,happiness,True
4662fc43-e427-4b2b-881d-d60df3534ca0.jpg,Female,58,happiness,True
eae18b81-b837-407e-ae2d-836ff12bf084.jpg,Male,43,neutral,False
8ef7dec3-5b31-44e6-8ab7-e50b62b53103.jpg,Female,46,happiness,True
2a3aac47-c4c8-4419-8337-ebbd4a9cbfc8.jpg,Male,29,happiness,True
340ec236-f1d7-4c48-9214-a50c16b075d7.jpg,Female,39,happiness,True
94c20686-1949-412f-969f-7201a9cbf7c2.jpg,Male,25,happiness,True
6417ad2e-c6db-4574-a64d-58caffb05e01.jpg,Female,25,happiness,True
04fb33f1-d84c-4f8b-a70f-c1164f14c6f5.jpg,Female,35,happiness,True
a98a951e-e04f-4cfa-9b2e-19a222c5f874.jpg,Female,56,fear,True
5b9827ea-cddf-4515-860f-1eaf7fb7c259.jpg,Female,26,neutral,False
9de5ece6-b7c7-472f-b2e1-2c8225500c99.jpg,Female,37,happiness,True
2170cb44-a246-4d4d-9207-0ece922e2d08.jpg,Female,39,happiness,True
eca2011e-e7c7-4932-ab8f-fdfd26b8fdb9.jpg,Male,24,happiness,True
3116ec41-0125-4a5d-852c-2d3d15e3dd0c.jpg,Male,52,happiness,True
e79ef25d-4666-4da4-9ace-5abb592f1603.jpg,Male,21,happiness,True
33c40058-760b-482f-88e3-4d6bbfac6898.jpg,Male,38,happiness,True
4ef53fba-51c0-47f9-9e3c-a27691fd5ed4.jpg,Male,30,happiness,True
e7aaef76-279e-4160-88c1-043a6aa2fb46.jpg,Female,43,happiness,False
06690457-f88a-491f-a3c5-d775ccde5422.jpg,Female,28,happiness,True
cda7e552-9373-407b-b06d-fae6acdf870f.jpg,Female,31,surprise,False
eed39a6b-3ea8-47b2-b088-2cf8ac033d67.jpg,Male,39,happiness,True
1dd612d1-4ca4-478d-b5d4-6d0b1fab7535.jpg,Male,33,neutral,False
a112538f-6f73-474b-b4ad-225f9f36298f.jpg,Male,32,happiness,True
4007e80c-35eb-4a72-953b-8977acee55ae.jpg,Male,75,happiness,True
971e0c40-0028-4c25-85ec-c74e42ec6930.jpg,Male,36,happiness,True
78791dfe-a019-479d-961b-853eaeb15b21.jpg,Male,42,happiness,True
217ecde2-f47f-4fdc-af5b-1ee12bac5177.jpg,Female,20,anger,False
a7108308-2b7f-484b-b332-ae0d1e21e0dd.jpg,Male,19,happiness,True
49eb67c1-0892-4b23-ad41-398f1164d02c.jpg,Male,19,neutral,False
cca39966-9ea2-44ca-a808-9199cffa6ca5.jpg,Female,30,neutral,False
df57dd49-81f1-4db4-b3ab-60eb210cc5a0.jpg,Female,28,happiness,True
5c0acb8f-8c73-4569-8340-708d58dff71a.jpg,Male,24,happiness,True
cf146ed7-9841-4181-9bcf-c6649833d81c.jpg,Female,58,happiness,True
d0e80c96-4a5a-48a2-83e7-683f76e5b725.jpg,Female,39,happiness,True
4c261f77-b2fa-468a-9287-ca6bd7db814c.jpg,Female,28,happiness,True
86f5ff54-70eb-4c63-beed-834e9bfe8011.jpg,Male,23,neutral,False
c6dd6b96-d05a-45cf-9228-eb0838082e1d.jpg,Female,40,happiness,True
131f6616-3f72-431f-96bb-23308fc4db90.jpg,Male,30,happiness,True
63e2e72a-5e8e-491e-9942-6deec69f8c54.jpg,Male,44,happiness,True
1eb7dc23-5901-4a36-af43-4f59554227a2.jpg,Female,23,happiness,True
8894926e-d16e-45de-8e08-956c14e57c39.jpg,Male,38,fear,False
ab6294a3-fba1-48da-bab9-cc9ad5e47167.jpg,Female,35,happiness,True
b269b999-73c3-4407-ab1f-173669ec9a85.jpg,Male,49,neutral,True
9ee52a96-8a83-4ac5-9513-b36804113b32.jpg,Female,53,surprise,False
98769266-fa99-462c-844a-4cb810d02fc0.jpg,Female,28,happiness,True
93f204ed-8f42-46f1-b722-67f8811ca671.jpg,Female,23,neutral,False
953ceb22-989e-42fc-86db-71f814438e36.jpg,Female,34,anger,False
f210fa15-2f39-4f99-a5e5-e97d4ab7e27e.jpg,Female,27,happiness,True
384c9bd8-4545-4a1b-811b-40cd2c558caa.jpg,Female,36,happiness,True
cd5dd4dc-2db7-4cd3-bcc5-633eb0acf21d.jpg,Female,20,sadness,False
dc36dc43-5888-4d33-be07-5fb952abcfd7.jpg,Male,42,happiness,True
c1b38bc0-8837-44b4-91a0-57696b3c01df.jpg,Female,63,happiness,True
8d104fe3-5ae8-46d7-be4e-af38199d8311.jpg,Male,43,happiness,True
ef761915-2146-43d2-a5c6-b2a69596ad82.jpg,Female,27,happiness,True
f0105e49-1ad9-4803-860d-c02a0377ab5c.jpg,Male,47,neutral,False
bb0d3d1f-7264-4683-be73-9362c3c1fdcc.jpg,Female,32,happiness,True
d1d0f661-cf0d-438e-8e8c-7f3f145e0531.jpg,Male,27,happiness,True
08b561e2-3cfb-43fa-a6e9-7adab1702f6f.jpg,Female,22,happiness,True
77ff17e5-2eef-43de-bd82-9fcdcab77ac3.jpg,Female,45,happiness,True
01efa7b8-49d7-47eb-a4b1-fdac65357e49.jpg,Female,52,happiness,True
63fba019-6511-4793-abe6-a199a763ff8a.jpg,Female,27,happiness,True
2a9746c7-8a51-47dc-962c-ef05557b7a19.jpg,Male,35,happiness,True
efd413db-1172-49fc-a50d-06aeb47ed17a.jpg,Female,54,happiness,True
ef99e9fd-d3e1-4fa4-955e-d54c83ee9dec.jpg,Female,54,fear,True
768dd02f-2978-4310-bacc-031c0a47718d.jpg,Male,23,neutral,False
586df29d-2f77-4c13-8e13-fd68f7fd4af6.jpg,Female,59,happiness,True
e2a8c8e9-6298-43e4-a3cb-3dbd1bc47ffa.jpg,Female,36,happiness,True
05db2b18-1436-4f7f-84e0-ab650962d2f8.jpg,Female,28,happiness,True
179829af-3314-4426-bae7-642fcba94f5e.jpg,Female,20,happiness,True
d2926b7d-0939-440b-8503-9172f98d4160.jpg,Female,38,fear,False
e8512207-4d03-484d-8005-f098099314ea.jpg,Male,36,sadness,False
c87f0a37-caa1-4b20-a956-1f5c9073caa6.jpg,Male,55,happiness,True
1126d6e2-02f6-4dd6-a9ae-d4d28dab9e22.jpg,Male,47,happiness,True
24023f2c-6ac5-4e06-9a25-da906424a158.jpg,Female,36,happiness,True
34b25d88-5c4d-4c66-9f4e-7bc322134bed.jpg,Male,58,disgust,True
1dbbfbb6-5fca-4df1-ad7b-59eb3dd3d348.jpg,Male,60,happiness,True
f7dd8faa-c492-455e-b0d7-6b1c994cd73e.jpg,Male,40,happiness,True
44f229f3-9049-43d9-99be-d5575f883309.jpg,Female,25,neutral,True
393c3740-e933-4a93-b7fd-dea4105d8ae4.jpg,Male,21,happiness,True
0f0803a1-e011-462d-9ddf-8b8558410714.jpg,Female,47,neutral,False
bf8dfd45-31d5-419c-8de8-841027bc5b64.jpg,Female,25,happiness,True
78b9b984-e7e8-4306-937d-a5503f131905.jpg,Female,34,happiness,True
8d4b849d-8a52-4e89-9aa5-a4344a3317f5.jpg,Male,27,happiness,True
e055d4ea-5c65-4335-9ecc-fb76424deeb3.jpg,Female,32,happiness,True
a8e24689-d95d-4698-a44e-88c4e99216f9.jpg,Male,22,happiness,True
b5b3d61e-6ea6-4b11-b9db-bd428e27bd8a.jpg,Male,21,neutral,False
f4b11703-31f0-4895-8b81-7b29166d5df8.jpg,Female,33,happiness,True
48939cb9-ae23-4022-8dc7-78a58580a542.jpg,Female,20,sadness,False
da1e6044-114a-4c72-a41f-774862906d2b.jpg,Female,33,happiness,True
5c6cd67d-d6fb-4647-807c-acfbf71ed4f6.jpg,Male,33,happiness,False
58054b47-a535-44b5-89bd-f279a3173024.jpg,Male,55,neutral,False
dbef452a-effc-496e-9687-1a5129a513cd.jpg,Female,23,sadness,False
732e44b9-136e-4a30-bfcd-59fbc9607713.jpg,Female,35,happiness,True
9a09a36d-bc5b-470a-8c86-1f71028a8449.jpg,Male,20,happiness,True
1b8464f5-5d4e-47a3-af81-dc65a1abceb0.jpg,Female,27,sadness,False
a8801058-e1c1-4453-92a0-03181b766828.jpg,Male,39,neutral,True
2519064b-80d9-4550-abe7-6f49a62e0412.jpg,Female,43,happiness,True
c1da0b90-9006-4d87-9b59-f4ac7e4e6e97.jpg,Male,63,happiness,True
ddc3ad1f-b7fb-4719-8301-2ec5d3ed8fa2.jpg,Male,31,happiness,True
fc11e8e1-5800-4d56-884d-44943e3c3012.jpg,Female,69,happiness,True
54443b28-799b-4520-833a-a3650b19799c.jpg,Female,28,happiness,True
5b669e6c-5269-4350-a988-7d9747ce12bb.jpg,Male,39,happiness,True
5ae378d2-3027-42fc-95a2-de5f3c4d1c60.jpg,Male,48,happiness,True
0e5c0e2a-a930-46b4-9cf9-4001d78b8343.jpg,Male,26,happiness,True
8ff65877-9fa0-413e-a163-9d343df300a5.jpg,Female,22,happiness,True
d200167d-2314-4580-8b26-1d667ec4a946.jpg,Female,37,happiness,True
0ddb47f2-285c-4542-bc07-f521d05749c2.jpg,Female,55,anger,False
fae9345d-d57a-494d-851c-2a9a2bc01701.jpg,Male,39,happiness,True
f8cd593f-82f1-4df8-a9eb-4a4b685dacce.jpg,Female,24,neutral,False
4fc37631-6848-4371-9d85-262f64770852.jpg,Male,59,neutral,False
4651f4bd-9039-42a3-843e-4014902913e7.jpg,Female,41,happiness,True
4a97dd72-12d7-441f-8938-eb717e71aab7.jpg,Female,27,happiness,True
fe028cb6-f23c-4073-a9f0-31acad21b97d.jpg,Female,27,happiness,False
f22fb9a8-ea99-4694-9bec-a7d544add44a.jpg,Male,24,neutral,False
2560ce48-e9ef-4608-a72b-f1a650809409.jpg,Male,50,happiness,True
f67cd9ae-c168-4bac-b32a-8445a4ad20e4.jpg,Male,24,happiness,True
00806e16-a6c4-4c2a-bed8-6ef423916630.jpg,Male,38,happiness,True
bc662640-fae3-4ece-87e6-d11effdf85ac.jpg,Female,43,happiness,True
67837536-f399-4db6-8967-2213ffd918a6.jpg,Female,66,happiness,True
823a3099-e5ad-462d-ae5a-79f714bb8700.jpg,Female,24,happiness,True
a3f34843-f458-4b3f-b93b-303a7b358968.jpg,Male,22,happiness,True
e26b331f-e644-4a94-8898-3f25456bf7b7.jpg,Male,27,happiness,True
5d396fbd-1572-470c-b130-8363921e7652.jpg,Female,38,neutral,False
84c34533-0aca-47ea-9075-41e49306c44b.jpg,Female,61,happiness,True
5e1f95a1-6512-46c3-9b7a-ae9a47d25388.jpg,Male,69,fear,False
354a3cf3-f17c-48c8-b0f6-f0854e22a5ca.jpg,Female,37,happiness,True
de49c258-2bc3-4a68-b3e8-0bb11b45208a.jpg,Male,41,happiness,True
c82fef6d-30a1-4b0f-9110-d9fcf7f463a0.jpg,Male,30,neutral,True
8e0152cf-a474-420e-ac81-c76c79dcfc3c.jpg,Female,59,happiness,True
0c352ecc-30d0-4a93-8559-a67de89bdf7c.jpg,Female,34,happiness,True
6ccb8cb4-c8a7-4715-85b5-a89a3e9def40.jpg,Male,54,sadness,False
ff0022e9-532c-4609-bbc8-32e6bfbd22f2.jpg,Male,70,fear,True
efdcd627-9c58-4779-a9c3-94dfc047e5e0.jpg,Male,74,happiness,True
9bc4cfab-7a17-433f-841b-afaa70d4e82a.jpg,Male,24,neutral,False
1791a607-64b8-4383-9826-2b50677c8d70.jpg,Female,24,anger,True
ee2d95fc-f751-455d-a52b-87dd78920aeb.jpg,Female,25,happiness,True
372ea187-3795-42ff-aaf1-2abf172c17dc.jpg,Male,29,happiness,True
11e2f970-2721-4e96-8dac-e375a2087b8a.jpg,Female,28,fear,True
5f3ed689-3c30-456e-b23b-a30c59b03bcd.jpg,Female,48,happiness,True
c3e53c7e-af7f-4a13-bd68-a24865fcca64.jpg,Female,83,happiness,True
157e8241-3dd9-4ccc-88ad-152cb1e848be.jpg,Female,28,neutral,False
22f37805-3a3c-4975-8b31-1aad55e0361e.jpg,Male,35,happiness,True
717f9700-4cd2-4eaf-8bec-496ce3dda26b.jpg,Male,24,happiness,True
a42beea6-8e90-4ec4-9e1c-859104e5bfa3.jpg,Female,50,happiness,True
64f558aa-c988-4e0f-8381-ce29b9d25ed3.jpg,Female,37,happiness,True
d0ff3af5-48ea-449a-b025-c60dc3c2110d.jpg,Female,59,happiness,True
4736bf89-dd35-4184-8ab9-ae8d3eefd50a.jpg,Male,48,happiness,True
ac2081be-d6fd-4891-a522-daa8c591ef51.jpg,Female,26,neutral,False
062bc254-6ca3-4da3-a6f8-51d0b368588e.jpg,Female,33,happiness,True
51542629-e27f-427f-a6dd-ad6e6246f358.jpg,Male,50,disgust,True
c4aecbca-d06a-43b0-9379-408379349ffc.jpg,Female,25,anger,False
c1cb1d83-35de-43ff-9fcf-6e73d0d90f20.jpg,Female,26,happiness,True
9d3351ee-4204-4d0e-a790-cc0fbe2aa875.jpg,Female,48,surprise,True
6ef1d930-d0fc-4c4f-aa42-c46433b5dc25.jpg,Female,21,sadness,False
41d985a0-50e1-49da-83c0-07eeab29aa11.jpg,Male,23,neutral,False
5ebd8215-05e1-423e-887e-96f2c4f46a2b.jpg,Male,31,neutral,False
af834768-1694-4184-98c6-807d0b37c890.jpg,Female,21,surprise,True
d1207d09-1b38-47d1-8fcb-f1aae4a5f352.jpg,Female,48,happiness,True
ea45689a-9cdf-4bd5-8470-928e64aa7446.jpg,Female,49,happiness,True
e260b413-5234-4c07-8293-78029f00421e.jpg,Male,39,neutral,False
d4f45aa1-75f7-4c04-87ea-4cb96618bce0.jpg,Female,63,happiness,False
f7cff715-619e-40ac-b3ab-7d7c9188fa9d.jpg,Male,22,happiness,True
21d6241a-c890-4ef1-859a-09cbedd30b4e.jpg,Female,35,happiness,True
b84f15ac-8572-475d-9423-eb8374bbe481.jpg,Female,37,happiness,True
cb3abf5b-65b6-461d-91b9-3305e893e4f0.jpg,Male,48,happiness,True
6b040139-6409-47da-8ac9-b0764b9596cd.jpg,Male,29,happiness,False
64885c11-964b-45e8-b9b4-ceb22b1cb56a.jpg,Female,32,happiness,True
73a63e21-de3e-4ba0-9028-a5461a6b9b88.jpg,Female,35,happiness,True
35c08a32-dd0b-42a5-a98f-ac83b7f4ac49.jpg,Female,50,surprise,True
8fcf8b38-f617-437b-9f8b-34695820942d.jpg,Female,22,neutral,False
e0a61a01-53b8-4f98-ad05-423a97a1d7ac.jpg,Female,29,happiness,True
f12be687-d037-4a5f-8662-756de35f8595.jpg,Female,32,happiness,True
9a13c8aa-1d4e-4aa6-a7b8-eb0d00d1b669.jpg,Female,28,fear,False
517eef75-97e1-48e4-95be-7a149fad347f.jpg,Male,25,happiness,True
689346ac-db96-4599-81cb-06968ede2aef.jpg,Female,49,happiness,True
720b613f-7bbd-4499-884f-52725cf8e98a.jpg,Female,31,happiness,True
0c319056-acd4-4e42-bb0e-abaa4d7ea450.jpg,Male,44,neutral,True
20faf11e-3991-4f59-9508-e6b124f06042.jpg,Female,20,fear,True
4fa02ad8-a0b3-438a-ba42-bcf456e5079f.jpg,Male,49,happiness,True
2a790aa3-db11-4ec7-bc45-5ec24209301e.jpg,Male,42,neutral,True
8594d560-f500-4ff5-bc14-24c1a385acd6.jpg,Female,31,happiness,True
42f3239f-4e87-4f63-9b42-d6d0309bd43d.jpg,Female,34,happiness,True
ba900d94-4547-4de1-a57d-450c9e121589.jpg,Female,30,happiness,True
ebb4b74b-5756-4d60-a2ef-aa7481b2962c.jpg,Male,26,happiness,True
7160c5fd-35fd-4079-85ac-631a42f53dcb.jpg,Female,40,happiness,False
fa415b2e-13bc-44f9-9cd0-18c7948e46d4.jpg,Male,27,surprise,True
5b8102ea-b133-4f28-8488-8bc49f0671fa.jpg,Male,49,neutral,False
18a3fb42-36d1-4788-8eaf-21ee9a867484.jpg,Male,26,happiness,True
a318f614-c41b-4666-8c02-be0f582015db.jpg,Male,30,happiness,True
fb7b256c-e581-40d1-8fe8-920dc8840ff6.jpg,Male,23,neutral,False
7abdbeac-c60d-4e1f-a17b-c5a3b2490298.jpg,Male,33,neutral,False
59bead1f-e283-4ff4-a8ca-8138cc1a01b2.jpg,Male,37,neutral,True
94d72bd4-eb64-4045-8dc2-8691fde87369.jpg,Male,58,neutral,False
889f7c88-e97d-4410-8a14-1eb77a21bb32.jpg,Female,44,happiness,True
ad2af1d7-0cd8-4f62-8fd2-0f95ef0d9e24.jpg,Female,23,happiness,True
26d7b7ce-4afc-4368-971e-16eda44a7dbe.jpg,Female,3,neutral,False
936f54a9-2231-4048-9d2f-59460d6c20b1.jpg,Female,55,happiness,True
91dfe0de-184f-4e71-bd51-2a673b33e9a7.jpg,Female,53,happiness,True
9f081838-c902-4608-8d01-bce01fe55b2c.jpg,Female,26,disgust,False
40b01908-d4a2-42e7-ae78-6d3f58f43e38.jpg,Female,25,fear,True
25dcf005-a500-4042-bb4e-243820c20f8d.jpg,Male,28,neutral,False
7880968d-a893-41cd-a124-bdeca0cd1508.jpg,Male,24,fear,True
f49d94c0-a9f4-4067-8782-83835cbcc064.jpg,Male,36,happiness,True
30b9b1a5-9323-470d-8293-eae468c3c09e.jpg,Male,25,sadness,True
69d9106a-a6e1-4418-80b3-84fd6c66f61e.jpg,Female,19,neutral,False
041f46b4-1ade-4321-b095-62d9f9f77103.jpg,Female,34,happiness,True
cc1ee4e5-61ad-4e72-bc22-3e9398210dbf.jpg,Female,25,neutral,False
c85e02f4-ecfc-4de7-a52c-c39e4eb646ef.jpg,Male,24,happiness,True
e3148091-a37b-460c-90f6-685b56e441f5.jpg,Female,31,disgust,False
67ff3852-9858-40ba-8b9c-d50deea5a70b.jpg,Male,43,anger,False
2a7737de-2c4c-4003-9a6e-1e16f307222d.jpg,Female,25,anger,False
8182f352-b813-4306-a187-26fb2d5baab4.jpg,Female,34,happiness,True
8aad9c5e-8406-4f66-a03a-684ca78f829f.jpg,Female,34,happiness,True
a7c0b687-a5f6-465c-bb58-898db6f41833.jpg,Male,21,sadness,True
c3edd389-e078-4fd5-986f-b44c4c65c76d.jpg,Male,30,happiness,True
981fff5a-0108-4d72-8eab-9af5facb5d93.jpg,Female,49,happiness,True
c6779610-4d97-4619-9c39-747d7fe5cb24.jpg,Female,25,happiness,True
0b3f2e20-74a7-4995-b2d9-9485554abd33.jpg,Female,35,happiness,True
c3823b66-c972-4edc-a5b9-d3fef7f9e48d.jpg,Female,23,happiness,True
77944daf-3ec4-4a0c-aa49-79275542dd75.jpg,Male,36,neutral,True
e18ffbc2-18b8-4cee-922b-6e93b51c23a7.jpg,Male,34,happiness,True
c404afc5-1e3f-4ef3-a800-8d360b66162d.jpg,Female,28,surprise,True
340d2347-d790-4494-863c-c443d0b3a826.jpg,Female,30,anger,False
562abaa1-d55f-4cde-8ade-886d944dd8f0.jpg,Male,32,happiness,True
7392aa9d-eb7c-4f21-b706-1646ff84c878.jpg,Female,21,happiness,True
02ca822f-9478-4478-a9a6-4fa54a25eea6.jpg,Male,33,neutral,False
112c5a81-16cb-4296-a09a-ac2a75b79cc2.jpg,Male,45,happiness,True
e13aec2e-8823-4655-94b2-40408894fff7.jpg,Female,28,happiness,True
9e7c0377-46de-430f-aa5b-2f1ca2b458cf.jpg,Female,62,happiness,True
c8431e88-63bd-4ffc-b47d-c89a8ed1e185.jpg,Male,28,happiness,True
caacec2e-0671-470f-ac60-60cedafb81f4.jpg,Female,49,happiness,True
82e50fa7-2d8a-435f-8e29-fad468cf80a9.jpg,Female,45,happiness,False
4b624c03-7943-423c-85f9-404e52c27783.jpg,Female,27,happiness,True
84c7d5bc-8970-4db7-b6c7-91d6477235fe.jpg,Male,48,happiness,True
d8add986-bcb4-4ddf-a6f1-f788970eaf90.jpg,Female,56,happiness,True
816fac94-c7e0-492e-a40d-d903b7aac306.jpg,Female,23,neutral,False
555c0aa6-4b74-4ef1-9177-373047b363be.jpg,Male,20,disgust,True
40fd03ca-130b-43f7-ab6a-c7a6312a7a26.jpg,Male,22,neutral,True
5b0678c4-7db8-435a-a4bc-466e871617bf.jpg,Male,24,happiness,True
fbea076e-c442-448e-8599-e14c7aacbd6e.jpg,Female,40,neutral,False
b9c94951-3034-4a1c-ba04-c46357bc5fb3.jpg,Female,44,happiness,True
0dd8142e-0e22-483d-8bff-c0e1bf622d90.jpg,Male,28,happiness,True
57111de2-075d-4ce9-b0e0-c201fe9c41c2.jpg,Male,42,neutral,False
b8173989-b225-47ca-8c9b-c332e608f8c5.jpg,Male,28,happiness,True
8c081c85-93f2-45f0-a3ac-fe3920310557.jpg,Male,22,neutral,False
e8ac3419-7bca-4b6c-8ba9-493f311e7401.jpg,Female,23,neutral,False
3b53dc0a-f603-45d7-80d5-e2f6ad970b15.jpg,Female,24,neutral,False
3cc56b23-0380-45de-bb5b-b907cf4af2c1.jpg,Female,29,happiness,True
078b0691-081c-40df-a7c0-3de3731f57d3.jpg,Male,53,happiness,True
98bccba9-bb5f-4b49-aa84-33b89fa19525.jpg,Female,66,happiness,True
cffc6e2d-cea8-484b-a44c-16b9402ed896.jpg,Female,36,happiness,True
265f6526-542b-4f52-84a9-5c38f2838584.jpg,Female,20,happiness,True
792f473f-d02a-45f1-84ff-a0c8d855d7e4.jpg,Male,31,fear,False
f50eaf87-f124-4435-a1a3-e29365bdd539.jpg,Male,21,neutral,False
e08ebb4f-4c22-4174-b379-1f78beccb650.jpg,Male,28,neutral,False
f4ba2bf5-fbcf-4aba-88c6-9c593a2c3e57.jpg,Female,26,happiness,True
44299cbf-117a-4716-bc48-07da76b1727c.jpg,Male,61,happiness,True
24d75c35-745a-4278-882f-ef88dc46c6fa.jpg,Male,27,happiness,True
eb526c79-24ed-420f-8567-06a86d32934e.jpg,Male,32,happiness,True
d9c6a28d-a159-46c9-beb2-d6dd351c8588.jpg,Female,31,disgust,True
dd04bc29-42c7-4590-8570-07af8f69d95d.jpg,Male,29,neutral,False
c7e72f5a-ff0b-4de6-b376-890072561677.jpg,Female,28,neutral,False
c3815afa-1660-4503-8a11-69dcd91c17a2.jpg,Male,26,happiness,False
0fbc0238-30a7-41c9-9797-5e87d9ad303f.jpg,Male,24,happiness,True
6e38bfa8-b886-4fed-a817-b4c7a4514918.jpg,Female,33,happiness,True
bf5a5ad8-c3a6-4235-a440-587bac3b37e6.jpg,Male,38,happiness,True
7c3187a4-5532-4724-9a22-192e3c977c93.jpg,Male,68,happiness,True
cebfd532-7286-4b25-8b18-bc29d9dc6533.jpg,Male,37,happiness,True
8ff605b0-4445-4d30-9d9d-a5a5fc3fa939.jpg,Male,68,disgust,True
9dd3135f-e732-4587-8f4c-ea934ec1dc6c.jpg,Female,34,neutral,True
553305d1-cb68-4b61-9b9d-08d8e1622f9e.jpg,Female,21,neutral,False
109855ac-5ebd-4c86-b594-b364e6db73e2.jpg,Male,50,happiness,True
db046a91-6b6f-454f-b7aa-a243d093541e.jpg,Female,22,happiness,True
9858f7f1-7de1-482a-b5a2-59bf3c05ef5c.jpg,Male,24,happiness,True
a26dea8c-3e87-4a73-87bd-37e2adac5521.jpg,Male,59,neutral,True
376af0da-29f7-48ee-ba7b-866410c673ac.jpg,Female,43,happiness,True
79df3240-61d9-435b-a423-ad289c14b406.jpg,Female,31,happiness,True
8ee13041-926c-46f6-9d0c-16d748119cbb.jpg,Male,33,happiness,True
92a098ba-144a-4803-8e00-a2aa034c357b.jpg,Male,49,sadness,False
1a2e17bb-c824-41b4-bfd3-8b877df60724.jpg,Female,47,neutral,False
b87e0447-03a9-4ffe-9507-ef3f1927d850.jpg,Male,33,neutral,False
cf71e0c4-88ff-4b15-adc2-00e63836fcdd.jpg,Male,33,happiness,True
0f954d5b-f4f5-476d-876a-bd05f019b578.jpg,Female,54,happiness,True
cdc00ab6-2f21-433d-94ab-6e4e987c981c.jpg,Male,33,anger,True
0d6f9880-6c5c-4ede-ad4b-43ac051fc457.jpg,Female,36,happiness,True
6a267584-60b4-468e-b5e0-11748a374d30.jpg,Female,50,happiness,True
6978da01-672b-4fa6-9637-05b35a2c1e03.jpg,Male,58,anger,True
39457bde-ba44-4178-9eb1-85eb4ac0ea79.jpg,Male,32,happiness,True
38427245-ae9a-4043-ae80-11023b92109f.jpg,Male,40,happiness,True
cc5de642-18cc-4588-98f1-e454550117ea.jpg,Female,34,happiness,True
d9016e55-2cb7-4534-800a-838a4ce7032a.jpg,Female,21,surprise,False
33fb280e-5a23-4fc1-a655-762dbf68c1ad.jpg,Female,32,happiness,True
62984cc3-da9f-40e9-b0c6-20fa007bd54e.jpg,Female,42,happiness,True
09eaaf06-fadc-4287-8404-c783baf6d4ec.jpg,Male,42,neutral,False
bbd28309-5025-499d-b7e8-59d80aeb943a.jpg,Female,37,happiness,False
f948a12e-3d10-4ab4-835c-05d322a603ff.jpg,Male,27,happiness,True
8a950440-9b2f-4805-a9ad-396734fb935a.jpg,Male,25,sadness,False
07b984f9-739c-4cf3-81c8-285573ffa243.jpg,Female,47,happiness,True
5b8535e1-d53f-46eb-815f-7d751e10bc1c.jpg,Male,32,happiness,True
984141fc-c6db-4054-a584-53bf8a0ecc9a.jpg,Male,24,happiness,True
e24d195c-7eda-4d94-8cdc-87bee171dcb5.jpg,Female,53,happiness,True
f97c4740-11c2-4cb4-a0f8-20704165f009.jpg,Male,45,happiness,True
59bd5963-fd4b-4896-9fdd-dcfe8a560ca4.jpg,Female,22,happiness,True
ffdbdb60-fb11-480b-88bd-9670c61a5bfe.jpg,Female,24,happiness,True
26cee6ec-0488-47d4-8fd2-1d08da1a10cb.jpg,Male,24,happiness,True
f346eccc-e360-415a-971e-c63a83fe6038.jpg,Female,54,anger,True
01b76faa-cceb-4cc3-896e-8683c0f0cdd2.jpg,Female,23,happiness,True
80bea4d9-7713-4711-9839-9c8528c26ba9.jpg,Female,34,neutral,False
23b3ffb3-d05a-4963-a7db-4fcc76d5ce94.jpg,Male,45,happiness,True
d5f8f4c0-4ce3-40e9-9741-7af599f36060.jpg,Female,31,happiness,True
749ab52a-b03b-4701-a232-dc3cebeae3ac.jpg,Female,27,happiness,True
35742967-38db-4633-bda5-6821a5365e93.jpg,Female,28,happiness,True
86d44bd1-0a23-437a-9a01-8bcb880baf78.jpg,Female,32,happiness,True
e69c0ace-24ce-4717-af91-d218c759dcd4.jpg,Male,19,happiness,True
eb148f6f-89e9-41b1-8085-90da919d8a86.jpg,Female,25,happiness,True
b908ef32-0715-4597-96d5-9c02a8f0992c.jpg,Female,3,happiness,True
4aac80d1-ca68-4b55-a86b-5ed0d0bcf633.jpg,Male,44,happiness,True
8692ccfe-8ebd-4197-a957-fdf4b2a11d56.jpg,Male,60,sadness,False
c1a3f75e-63fd-49d8-b74b-fdf594014d9b.jpg,Male,23,neutral,False
5fca96bb-6dda-4fe1-ae53-4416ea78ca6f.jpg,Male,19,neutral,False
5d1edddd-eaa4-4302-94f4-56b9aa0166cd.jpg,Female,19,surprise,True
1b19f522-aa60-471c-b8cc-235d7ad33eba.jpg,Female,29,happiness,True
56c90980-693d-4086-b225-be1b76d2ce5f.jpg,Female,39,neutral,False
3b110393-9bc2-44a2-9133-e5ccd3e78ee3.jpg,Female,21,neutral,False
64432d99-abaa-45f1-b1d1-d4c8aaae35d8.jpg,Female,25,neutral,False
9c164595-e559-4e11-9594-3334b088dd20.jpg,Female,37,neutral,True
