File Name,Target ID,Image ID,Race,Gender,Expression,Microsoft Gender,Microsoft Age,Microsoft Emotion,Microsoft Smiling
CFD-WM-026-019-A.jpg,WM-026,019,W,M,A,male,22.0,neutral,0.001
CFD-WM-026-006-HO.jpg,WM-026,006,W,M,HO,male,21.0,happiness,1.0
CFD-WM-026-004-HC.jpg,WM-026,004,W,M,HC,male,23.0,happiness,0.774
CFD-WM-026-001-N.jpg,WM-026,001,W,M,N,male,21.0,neutral,0.0
CFD-WM-026-013-F.jpg,WM-026,013,W,M,F,male,23.0,surprise,0.0
CFD-WM-214-026-N.jpg,WM-214,026,W,M,N,male,27.0,neutral,0.001
CFD-LF-247-051-N.jpg,LF-247,051,L,F,N,female,30.0,neutral,0.0
CFD-BM-247-240-N.jpg,BM-247,240,B,M,N,male,20.0,neutral,0.0
CFD-WM-019-006-HC.jpg,WM-019,006,W,M,HC,male,25.0,happiness,0.993
CFD-WM-019-013-A.jpg,WM-019,013,W,M,A,male,29.0,anger,0.002
CFD-WM-019-017-F.jpg,WM-019,017,W,M,F,male,25.0,happiness,0.998
CFD-WM-019-003-N.jpg,WM-019,003,W,M,N,male,25.0,neutral,0.0
CFD-WM-019-009-HO.jpg,WM-019,009,W,M,HO,male,26.0,happiness,1.0
CFD-LF-240-199-N.jpg,LF-240,199,L,F,N,female,42.0,neutral,0.0
CFD-AM-250-149-N.jpg,AM-250,149,A,M,N,male,19.0,neutral,0.001
CFD-WM-213-076-N.jpg,WM-213,076,W,M,N,male,29.0,neutral,0.018
CFD-WM-021-004-HO.jpg,WM-021,004,W,M,HO,male,31.0,happiness,1.0
CFD-WM-021-006-HC.jpg,WM-021,006,W,M,HC,male,31.0,happiness,1.0
CFD-WM-021-001-N.jpg,WM-021,001,W,M,N,male,27.0,neutral,0.0
CFD-WM-021-009-A.jpg,WM-021,009,W,M,A,male,28.0,neutral,0.0
CFD-BM-240-207-N.jpg,BM-240,207,B,M,N,male,21.0,neutral,0.0
CFD-WM-225-127-N.jpg,WM-225,127,W,M,N,male,36.0,neutral,0.0
CFD-BM-249-235-N.jpg,BM-249,235,B,M,N,male,17.0,neutral,0.0
CFD-WM-017-005-HO.jpg,WM-017,005,W,M,HO,male,28.0,happiness,0.999
CFD-WM-017-002-N.jpg,WM-017,002,W,M,N,male,28.0,neutral,0.0
CFD-WM-017-011-A.jpg,WM-017,011,W,M,A,male,28.0,neutral,0.0
CFD-WM-017-019-F.jpg,WM-017,019,W,M,F,male,30.0,surprise,0.0
CFD-WM-017-003-HC.jpg,WM-017,003,W,M,HC,male,28.0,neutral,0.477
CFD-LF-249-132-N.jpg,LF-249,132,L,F,N,female,24.0,neutral,0.001
CFD-WM-028-007-HO.jpg,WM-028,007,W,M,HO,male,25.0,happiness,1.0
CFD-WM-028-003-N.jpg,WM-028,003,W,M,N,male,23.0,neutral,0.001
CFD-WM-028-029-A.jpg,WM-028,029,W,M,A,male,24.0,neutral,0.001
CFD-WM-028-005-HC.jpg,WM-028,005,W,M,HC,male,25.0,happiness,1.0
CFD-WM-028-019-F.jpg,WM-028,019,W,M,F,male,25.0,fear,0.0
CFD-BM-044-051-F.jpg,BM-044,051,B,M,F,male,35.0,happiness,0.585
CFD-BM-044-001-N.jpg,BM-044,001,B,M,N,male,30.0,neutral,0.0
CFD-BM-044-037-HO.jpg,BM-044,037,B,M,HO,male,37.0,happiness,1.0
CFD-BM-044-038-HC.jpg,BM-044,038,B,M,HC,male,36.0,happiness,1.0
CFD-WM-010-001-N.jpg,WM-010,001,W,M,N,male,28.0,neutral,0.0
CFD-WM-010-016-A.jpg,WM-010,016,W,M,A,male,28.0,neutral,0.002
CFD-WM-010-007-HC.jpg,WM-010,007,W,M,HC,male,29.0,neutral,0.475
CFD-WM-010-004-HO.jpg,WM-010,004,W,M,HO,male,26.0,happiness,0.963
CFD-WM-010-020-F.jpg,WM-010,020,W,M,F,male,30.0,surprise,0.0
CFD-WM-222-057-N.jpg,WM-222,057,W,M,N,male,35.0,neutral,0.0
CFD-BM-043-072-HC.jpg,BM-043,072,B,M,HC,male,26.0,happiness,0.999
CFD-BM-043-014-A.jpg,BM-043,014,B,M,A,male,29.0,neutral,0.0
CFD-BM-043-071-N.jpg,BM-043,071,B,M,N,male,25.0,neutral,0.0
CFD-BM-043-076-HO.jpg,BM-043,076,B,M,HO,male,27.0,happiness,1.0
CFD-BM-225-154-N.jpg,BM-225,154,B,M,N,male,42.0,neutral,0.001
CFD-WM-249-239-N.jpg,WM-249,239,W,M,N,male,38.0,neutral,0.0
CFD-BM-017-064-F.jpg,BM-017,064,B,M,F,male,30.0,surprise,0.0
CFD-BM-017-035-A.jpg,BM-017,035,B,M,A,male,30.0,anger,0.0
CFD-BM-017-052-HC.jpg,BM-017,052,B,M,HC,male,30.0,happiness,0.986
CFD-BM-017-021-N.jpg,BM-017,021,B,M,N,male,28.0,neutral,0.0
CFD-AM-235-241-N.jpg,AM-235,241,A,M,N,male,28.0,neutral,0.0
CFD-BM-028-012-A.jpg,BM-028,012,B,M,A,male,25.0,neutral,0.0
CFD-BM-028-031-HC.jpg,BM-028,031,B,M,HC,male,25.0,happiness,0.993
CFD-BM-028-050-F.jpg,BM-028,050,B,M,F,male,26.0,surprise,0.0
CFD-BM-028-002-N.jpg,BM-028,002,B,M,N,male,25.0,neutral,0.0
CFD-BM-028-028-HO.jpg,BM-028,028,B,M,HO,male,27.0,happiness,1.0
CFD-LF-225-164-N.jpg,LF-225,164,L,F,N,female,23.0,neutral,0.0
CFD-BM-010-019-A.jpg,BM-010,019,B,M,A,male,25.0,neutral,0.118
CFD-BM-010-003-N.jpg,BM-010,003,B,M,N,male,24.0,neutral,0.0
CFD-BM-010-004-HO.jpg,BM-010,004,B,M,HO,male,28.0,happiness,1.0
CFD-BM-010-015-F.jpg,BM-010,015,B,M,F,male,22.0,happiness,0.945
CFD-BM-222-173-N.jpg,BM-222,173,B,M,N,male,37.0,neutral,0.002
CFD-LF-222-147-N.jpg,LF-222,147,L,F,N,female,24.0,neutral,0.0
CFD-AM-232-251-N.jpg,AM-232,251,A,M,N,male,28.0,neutral,0.0
CFD-BM-026-017-A.jpg,BM-026,017,B,M,A,male,26.0,anger,0.0
CFD-BM-026-002-N.jpg,BM-026,002,B,M,N,male,23.0,neutral,0.0
CFD-BM-026-006-HC.jpg,BM-026,006,B,M,HC,male,26.0,happiness,0.999
CFD-BM-026-041-F.jpg,BM-026,041,B,M,F,male,25.0,surprise,0.0
CFD-BM-026-009-HO.jpg,BM-026,009,B,M,HO,male,26.0,happiness,1.0
CFD-BM-214-075-N.jpg,BM-214,075,B,M,N,male,23.0,neutral,0.0
CFD-LF-214-090-N.jpg,LF-214,090,L,F,N,female,30.0,neutral,0.0
CFD-AM-204-122-N.jpg,AM-204,122,A,M,N,male,18.0,neutral,0.001
CFD-WM-247-084-N.jpg,WM-247,084,W,M,N,male,23.0,neutral,0.0
CFD-BM-019-002-N.jpg,BM-019,002,B,M,N,male,18.0,neutral,0.0
CFD-BM-019-004-HO.jpg,BM-019,004,B,M,HO,male,19.0,happiness,1.0
CFD-BM-019-049-F.jpg,BM-019,049,B,M,F,male,20.0,surprise,0.0
CFD-BM-019-045-A.jpg,BM-019,045,B,M,A,male,19.0,neutral,0.0
CFD-BM-019-008-HC.jpg,BM-019,008,B,M,HC,male,19.0,happiness,0.999
CFD-BM-213-134-N.jpg,BM-213,134,B,M,N,male,33.0,neutral,0.006
CFD-BM-021-021-N.jpg,BM-021,021,B,M,N,male,33.0,neutral,0.004
CFD-BM-021-029-F.jpg,BM-021,029,B,M,F,male,34.0,surprise,0.0
CFD-BM-021-022-HO.jpg,BM-021,022,B,M,HO,male,36.0,happiness,1.0
CFD-BM-021-009-HC.jpg,BM-021,009,B,M,HC,male,39.0,happiness,1.0
CFD-BM-021-026-A.jpg,BM-021,026,B,M,A,male,34.0,disgust,0.001
CFD-WM-240-125-N.jpg,WM-240,125,W,M,N,male,31.0,neutral,0.0
CFD-AM-203-086-N.jpg,AM-203,086,A,M,N,male,25.0,neutral,0.0
CFD-LF-213-079-N.jpg,LF-213,079,L,F,N,female,20.0,neutral,0.0
CFD-WM-223-056-N.jpg,WM-223,056,W,M,N,male,43.0,neutral,0.0
CFD-WM-011-011-A.jpg,WM-011,011,W,M,A,male,32.0,neutral,0.0
CFD-WM-011-002-N.jpg,WM-011,002,W,M,N,male,29.0,neutral,0.0
CFD-WM-011-003-HO.jpg,WM-011,003,W,M,HO,male,31.0,happiness,1.0
CFD-WM-011-019-F.jpg,WM-011,019,W,M,F,male,31.0,surprise,0.0
CFD-WM-011-006-HC.jpg,WM-011,006,W,M,HC,male,31.0,happiness,1.0
CFD-BM-248-128-N.jpg,BM-248,128,B,M,N,male,20.0,neutral,0.0
CFD-WM-016-008-A.jpg,WM-016,008,W,M,A,male,27.0,neutral,0.0
CFD-WM-016-002-HO.jpg,WM-016,002,W,M,HO,male,29.0,happiness,1.0
CFD-WM-016-001-N.jpg,WM-016,001,W,M,N,male,28.0,neutral,0.0
CFD-WM-016-005-HC.jpg,WM-016,005,W,M,HC,male,27.0,happiness,0.521
CFD-WM-224-197-N.jpg,WM-224,197,W,M,N,male,24.0,neutral,0.0
CFD-BM-045-004-N.jpg,BM-045,004,B,M,N,male,21.0,neutral,0.0
CFD-BM-045-057-HC.jpg,BM-045,057,B,M,HC,male,21.0,happiness,0.991
CFD-BM-045-055-HO.jpg,BM-045,055,B,M,HO,male,21.0,happiness,1.0
CFD-BM-045-061-A.jpg,BM-045,061,B,M,A,male,19.0,anger,0.0
CFD-BM-045-045-F.jpg,BM-045,045,B,M,F,male,26.0,fear,0.003
CFD-WM-029-023-N.jpg,WM-029,023,W,M,N,male,30.0,neutral,0.0
CFD-WM-029-014-A.jpg,WM-029,014,W,M,A,male,32.0,neutral,0.0
CFD-WM-029-009-HC.jpg,WM-029,009,W,M,HC,male,31.0,happiness,1.0
CFD-WM-029-020-F.jpg,WM-029,020,W,M,F,male,32.0,surprise,0.0
CFD-WM-029-029-HO.jpg,WM-029,029,W,M,HO,male,32.0,happiness,1.0
CFD-LF-248-160-N.jpg,LF-248,160,L,F,N,female,29.0,neutral,0.0
CFD-AM-251-124-N.jpg,AM-251,124,A,M,N,male,26.0,neutral,0.0
CFD-WM-020-003-HO.jpg,WM-020,003,W,M,HO,male,42.0,happiness,1.0
CFD-WM-020-012-F.jpg,WM-020,012,W,M,F,male,47.0,happiness,0.687
CFD-WM-020-001-N.jpg,WM-020,001,W,M,N,male,33.0,neutral,0.0
CFD-WM-020-005-HC.jpg,WM-020,005,W,M,HC,male,43.0,happiness,1.0
CFD-WM-020-008-A.jpg,WM-020,008,W,M,A,male,37.0,neutral,0.0
CFD-WM-212-097-N.jpg,WM-212,097,W,M,N,male,28.0,neutral,0.0
CFD-LF-241-188-N.jpg,LF-241,188,L,F,N,female,30.0,neutral,0.0
CFD-BM-241-235-N.jpg,BM-241,235,B,M,N,male,30.0,neutral,0.0
CFD-LF-246-129-N.jpg,LF-246,129,L,F,N,female,31.0,neutral,0.0
CFD-WM-215-041-N.jpg,WM-215,041,W,M,N,male,26.0,neutral,0.0
CFD-BM-246-192-N.jpg,BM-246,192,B,M,N,male,26.0,neutral,0.0
CFD-WM-018-007-A.jpg,WM-018,007,W,M,A,male,36.0,neutral,0.0
CFD-WM-018-005-HC.jpg,WM-018,005,W,M,HC,male,32.0,neutral,0.141
CFD-WM-018-002-N.jpg,WM-018,002,W,M,N,male,32.0,neutral,0.0
CFD-WM-018-004-HO.jpg,WM-018,004,W,M,HO,male,35.0,happiness,1.0
CFD-BM-020-024-HC.jpg,BM-020,024,B,M,HC,male,29.0,happiness,0.999
CFD-BM-020-037-A.jpg,BM-020,037,B,M,A,male,29.0,happiness,0.777
CFD-BM-020-001-N.jpg,BM-020,001,B,M,N,male,28.0,neutral,0.0
CFD-BM-020-016-F.jpg,BM-020,016,B,M,F,male,29.0,surprise,0.039
CFD-BM-020-026-HO.jpg,BM-020,026,B,M,HO,male,30.0,happiness,1.0
CFD-BM-212-117-N.jpg,BM-212,117,B,M,N,male,34.0,neutral,0.0
CFD-LF-212-066-N.jpg,LF-212,066,L,F,N,female,24.0,neutral,0.0
CFD-WM-241-072-N.jpg,WM-241,072,W,M,N,male,33.0,neutral,0.0
CFD-AM-202-079-N.jpg,AM-202,079,A,M,N,male,24.0,neutral,0.0
CFD-BM-215-155-N.jpg,BM-215,155,B,M,N,male,24.0,neutral,0.0
CFD-BM-027-001-N.jpg,BM-027,001,B,M,N,male,23.0,neutral,0.008
CFD-AM-205-153-N.jpg,AM-205,153,A,M,N,male,36.0,neutral,0.001
CFD-BM-018-004-HC.jpg,BM-018,004,B,M,HC,male,24.0,happiness,0.989
CFD-BM-018-007-HO.jpg,BM-018,007,B,M,HO,male,25.0,happiness,1.0
CFD-BM-018-001-N.jpg,BM-018,001,B,M,N,male,24.0,neutral,0.0
CFD-BM-018-012-A.jpg,BM-018,012,B,M,A,male,31.0,anger,0.0
CFD-BM-018-040-F.jpg,BM-018,040,B,M,F,male,30.0,surprise,0.0
CFD-LF-215-157-N.jpg,LF-215,157,L,F,N,female,19.0,neutral,0.0
CFD-BM-223-171-N.jpg,BM-223,171,B,M,N,male,28.0,neutral,0.0
CFD-BM-011-016-N.jpg,BM-011,016,B,M,N,male,24.0,neutral,0.0
CFD-BM-011-019-HC.jpg,BM-011,019,B,M,HC,male,27.0,happiness,1.0
CFD-BM-011-020-A.jpg,BM-011,020,B,M,A,male,25.0,anger,0.0
CFD-BM-011-013-F.jpg,BM-011,013,B,M,F,male,25.0,surprise,0.0
CFD-BM-011-017-HO.jpg,BM-011,017,B,M,HO,male,27.0,happiness,1.0
CFD-AM-233-236-N.jpg,AM-233,236,A,M,N,male,38.0,neutral,0.097
CFD-LF-223-064-N.jpg,LF-223,064,L,F,N,female,20.0,neutral,0.0
CFD-WM-248-036-N.jpg,WM-248,036,W,M,N,male,41.0,neutral,0.005
CFD-BM-016-036-N.jpg,BM-016,036,B,M,N,male,26.0,neutral,0.0
CFD-BM-016-042-A.jpg,BM-016,042,B,M,A,male,29.0,neutral,0.0
CFD-BM-016-030-F.jpg,BM-016,030,B,M,F,male,29.0,happiness,0.887
CFD-BM-016-040-HO.jpg,BM-016,040,B,M,HO,male,29.0,happiness,1.0
CFD-BM-224-073-N.jpg,BM-224,073,B,M,N,male,39.0,neutral,0.0
CFD-LF-224-176-N.jpg,LF-224,176,L,F,N,female,30.0,neutral,0.0
CFD-AM-234-355-N.jpg,AM-234,355,A,M,N,male,24.0,neutral,0.0
CFD-BM-029-020-F.jpg,BM-029,020,B,M,F,male,29.0,surprise,0.0
CFD-BM-029-026-HC.jpg,BM-029,026,B,M,HC,male,26.0,happiness,0.864
CFD-BM-029-024-N.jpg,BM-029,024,B,M,N,male,26.0,neutral,0.0
CFD-BM-029-029-HO.jpg,BM-029,029,B,M,HO,male,27.0,happiness,1.0
CFD-BF-031-002-N.jpg,BF-031,002,B,F,N,female,25.0,neutral,0.0
CFD-BF-031-020-A.jpg,BF-031,020,B,F,A,female,25.0,anger,0.0
CFD-BF-031-048-HC.jpg,BF-031,048,B,F,HC,female,24.0,happiness,1.0
CFD-BF-031-051-HO.jpg,BF-031,051,B,F,HO,female,25.0,happiness,1.0
CFD-BF-031-062-F.jpg,BF-031,062,B,F,F,female,27.0,happiness,0.98
CFD-BF-203-184-N.jpg,BF-203,184,B,F,N,female,44.0,sadness,0.0
CFD-LM-203-026-N.jpg,LM-203,026,L,M,N,male,41.0,neutral,0.001
CFD-WF-250-167-N.jpg,WF-250,167,W,F,N,female,33.0,neutral,0.0
CFD-AF-213-126-N.jpg,AF-213,126,A,F,N,female,30.0,neutral,0.007
CFD-BF-204-189-N.jpg,BF-204,189,B,F,N,female,23.0,neutral,0.017
CFD-BF-036-027-N.jpg,BF-036,027,B,F,N,female,19.0,neutral,0.0
CFD-BF-036-032-HC.jpg,BF-036,032,B,F,HC,female,18.0,happiness,0.731
CFD-BF-036-046-F.jpg,BF-036,046,B,F,F,female,21.0,contempt,0.214
CFD-BF-036-030-HO.jpg,BF-036,030,B,F,HO,female,20.0,happiness,1.0
CFD-BF-036-020-A.jpg,BF-036,020,B,F,A,female,18.0,disgust,0.274
CFD-AF-214-139-N.jpg,AF-214,139,A,F,N,female,29.0,neutral,0.0
CFD-BF-009-008-HC.jpg,BF-009,008,B,F,HC,female,24.0,happiness,0.817
CFD-BF-009-002-N.jpg,BF-009,002,B,F,N,female,24.0,neutral,0.0
CFD-BF-009-006-HO.jpg,BF-009,006,B,F,HO,female,24.0,happiness,0.999
CFD-BF-009-024-A.jpg,BF-009,024,B,F,A,female,22.0,neutral,0.0
CFD-BF-009-019-F.jpg,BF-009,019,B,F,F,female,25.0,surprise,0.0
CFD-LM-204-001-N.jpg,LM-204,001,L,M,N,male,31.0,neutral,0.001
CFD-BF-232-187-N.jpg,BF-232,187,B,F,N,female,22.0,neutral,0.0
CFD-AF-222-134-N.jpg,AF-222,134,A,F,N,female,23.0,neutral,0.0
CFD-LM-232-204-N.jpg,LM-232,204,L,M,N,male,28.0,neutral,0.0
CFD-BF-007-004-HO.jpg,BF-007,004,B,F,HO,female,24.0,happiness,1.0
CFD-BF-007-024-F.jpg,BF-007,024,B,F,F,female,34.0,neutral,0.0
CFD-BF-007-013-A.jpg,BF-007,013,B,F,A,female,26.0,anger,0.0
CFD-BF-007-006-HC.jpg,BF-007,006,B,F,HC,female,24.0,happiness,0.751
CFD-BF-007-001-N.jpg,BF-007,001,B,F,N,female,24.0,sadness,0.0
CFD-BF-235-168-N.jpg,BF-235,168,B,F,N,female,25.0,sadness,0.0
CFD-LM-235-231-N.jpg,LM-235,231,L,M,N,male,29.0,neutral,0.0
CFD-AF-225-141-N.jpg,AF-225,141,A,F,N,female,18.0,neutral,0.0
CFD-BF-038-009-HC.jpg,BF-038,009,B,F,HC,female,27.0,happiness,0.598
CFD-BF-038-026-F.jpg,BF-038,026,B,F,F,female,21.0,fear,0.0
CFD-BF-038-037-N.jpg,BF-038,037,B,F,N,female,20.0,neutral,0.0
CFD-BF-038-004-HO.jpg,BF-038,004,B,F,HO,female,23.0,happiness,0.995
CFD-BF-038-029-A.jpg,BF-038,029,B,F,A,female,20.0,anger,0.0
CFD-WF-232-161-N.jpg,WF-232,161,W,F,N,female,23.0,neutral,0.0
CFD-WF-007-005-HC.jpg,WF-007,005,W,F,HC,female,20.0,happiness,1.0
CFD-WF-007-001-N.jpg,WF-007,001,W,F,N,female,19.0,neutral,0.0
CFD-WF-007-029-A.jpg,WF-007,029,W,F,A,female,21.0,anger,0.0
CFD-WF-007-003-HO.jpg,WF-007,003,W,F,HO,female,21.0,happiness,1.0
CFD-WF-007-026-F.jpg,WF-007,026,W,F,F,female,20.0,surprise,0.0
CFD-WF-235-121-N.jpg,WF-235,121,W,F,N,female,27.0,neutral,0.0
CFD-AF-249-092-N.jpg,AF-249,092,A,F,N,female,26.0,neutral,0.0
CFD-WF-038-033-F.jpg,WF-038,033,W,F,F,female,35.0,surprise,0.382
CFD-WF-038-030-A.jpg,WF-038,030,W,F,A,female,29.0,contempt,0.0
CFD-WF-038-027-HC.jpg,WF-038,027,W,F,HC,female,33.0,happiness,1.0
CFD-WF-038-021-N.jpg,WF-038,021,W,F,N,female,26.0,neutral,0.001
CFD-WF-038-023-HO.jpg,WF-038,023,W,F,HO,female,37.0,happiness,1.0
CFD-AF-240-206-N.jpg,AF-240,206,A,F,N,female,24.0,neutral,0.0
CFD-WF-031-045-F.jpg,WF-031,045,W,F,F,female,27.0,fear,0.0
CFD-WF-031-005-HO.jpg,WF-031,005,W,F,HO,female,28.0,happiness,1.0
CFD-WF-031-009-HC.jpg,WF-031,009,W,F,HC,female,26.0,happiness,1.0
CFD-WF-031-015-A.jpg,WF-031,015,W,F,A,female,28.0,neutral,0.0
CFD-WF-031-027-N.jpg,WF-031,027,W,F,N,female,25.0,neutral,0.0
CFD-WF-203-229-N.jpg,WF-203,229,W,F,N,female,20.0,neutral,0.001
CFD-LM-250-077-N.jpg,LM-250,077,L,M,N,male,24.0,neutral,0.002
CFD-BF-250-121-N.jpg,BF-250,121,B,F,N,female,28.0,neutral,0.0
CFD-WF-204-038-N.jpg,WF-204,038,W,F,N,female,23.0,neutral,0.01
CFD-WF-036-030-HC.jpg,WF-036,030,W,F,HC,female,25.0,happiness,0.995
CFD-WF-036-040-F.jpg,WF-036,040,W,F,F,female,26.0,sadness,0.006
CFD-WF-036-023-N.jpg,WF-036,023,W,F,N,female,21.0,neutral,0.0
CFD-WF-036-015-A.jpg,WF-036,015,W,F,A,female,23.0,anger,0.0
CFD-WF-036-026-HO.jpg,WF-036,026,W,F,HO,female,27.0,happiness,1.0
CFD-AF-247-278-N.jpg,AF-247,278,A,F,N,female,25.0,neutral,0.041
CFD-WF-009-006-HC.jpg,WF-009,006,W,F,HC,female,26.0,happiness,1.0
CFD-WF-009-015-F.jpg,WF-009,015,W,F,F,female,18.0,neutral,0.293
CFD-WF-009-004-HO.jpg,WF-009,004,W,F,HO,female,27.0,happiness,1.0
CFD-WF-009-010-A.jpg,WF-009,010,W,F,A,female,22.0,neutral,0.002
CFD-WF-009-001-N.jpg,WF-009,001,W,F,N,female,18.0,neutral,0.0
CFD-BF-234-167-N.jpg,BF-234,167,B,F,N,female,43.0,neutral,0.001
CFD-BF-006-017-N.jpg,BF-006,017,B,F,N,female,19.0,neutral,0.0
CFD-BF-006-008-HC.jpg,BF-006,008,B,F,HC,female,20.0,happiness,1.0
CFD-BF-006-018-F.jpg,BF-006,018,B,F,F,female,21.0,happiness,0.558
CFD-BF-006-012-A.jpg,BF-006,012,B,F,A,female,24.0,anger,0.0
CFD-BF-006-006-HO.jpg,BF-006,006,B,F,HO,female,19.0,happiness,1.0
CFD-AF-224-026-N.jpg,AF-224,026,A,F,N,female,26.0,neutral,0.0
CFD-BF-039-008-HC.jpg,BF-039,008,B,F,HC,female,22.0,happiness,1.0
CFD-BF-039-039-A.jpg,BF-039,039,B,F,A,female,27.0,anger,0.0
CFD-BF-039-033-HO.jpg,BF-039,033,B,F,HO,female,18.0,happiness,1.0
CFD-BF-039-022-F.jpg,BF-039,022,B,F,F,female,24.0,sadness,0.285
CFD-BF-039-031-N.jpg,BF-039,031,B,F,N,female,20.0,neutral,0.0
CFD-LM-234-176-N.jpg,LM-234,176,L,M,N,male,24.0,neutral,0.002
CFD-BF-001-026-A.jpg,BF-001,026,B,F,A,female,21.0,anger,0.0
CFD-BF-001-018-HO.jpg,BF-001,018,B,F,HO,female,36.0,happiness,1.0
CFD-BF-001-009-F.jpg,BF-001,009,B,F,F,female,17.0,surprise,0.0
CFD-BF-001-025-N.jpg,BF-001,025,B,F,N,female,21.0,neutral,0.0
CFD-BF-001-021-HC.jpg,BF-001,021,B,F,HC,female,32.0,happiness,0.991
CFD-BF-233-116-N.jpg,BF-233,116,B,F,N,female,23.0,neutral,0.0
CFD-LM-233-171-N.jpg,LM-233,171,L,M,N,male,31.0,neutral,0.0
CFD-AF-223-183-N.jpg,AF-223,183,A,F,N,female,43.0,neutral,0.0
CFD-BF-037-026-HO.jpg,BF-037,026,B,F,HO,female,25.0,happiness,1.0
CFD-BF-037-013-A.jpg,BF-037,013,B,F,A,female,25.0,neutral,0.012
CFD-BF-037-022-N.jpg,BF-037,022,B,F,N,female,27.0,neutral,0.0
CFD-BF-037-043-F.jpg,BF-037,043,B,F,F,female,27.0,surprise,0.0
CFD-BF-037-030-HC.jpg,BF-037,030,B,F,HC,female,25.0,happiness,1.0
CFD-BF-205-141-N.jpg,BF-205,141,B,F,N,female,18.0,neutral,0.0
CFD-AF-215-70-N.jpg,AF-215,70,A,F,N,female,23.0,neutral,0.0
CFD-BF-008-012-A.jpg,BF-008,012,B,F,A,female,19.0,neutral,0.0
CFD-BF-008-007-HC.jpg,BF-008,007,B,F,HC,female,19.0,neutral,0.41
CFD-BF-008-001-N.jpg,BF-008,001,B,F,N,female,18.0,neutral,0.0
CFD-BF-008-018-F.jpg,BF-008,018,B,F,F,female,21.0,surprise,0.0
CFD-BF-008-003-HO.jpg,BF-008,003,B,F,HO,female,21.0,happiness,1.0
CFD-BF-202-109-N.jpg,BF-202,109,B,F,N,female,37.0,sadness,0.0
CFD-BF-030-009-HC.jpg,BF-030,009,B,F,HC,female,18.0,happiness,1.0
CFD-BF-030-002-N.jpg,BF-030,002,B,F,N,female,18.0,neutral,0.0
CFD-BF-030-023-F.jpg,BF-030,023,B,F,F,female,24.0,fear,0.0
CFD-BF-030-007-HO.jpg,BF-030,007,B,F,HO,female,18.0,happiness,1.0
CFD-WF-251-014-N.jpg,WF-251,014,W,F,N,female,42.0,neutral,0.0
CFD-AF-212-097-N.jpg,AF-212,097,A,F,N,female,22.0,neutral,0.0
CFD-LM-202-072-N.jpg,LM-202,072,L,M,N,male,34.0,neutral,0.0
CFD-WF-037-029-N.jpg,WF-037,029,W,F,N,female,20.0,neutral,0.0
CFD-WF-037-024-F.jpg,WF-037,024,W,F,F,female,26.0,fear,0.0
CFD-WF-037-034-HC.jpg,WF-037,034,W,F,HC,female,21.0,happiness,1.0
CFD-WF-037-016-A.jpg,WF-037,016,W,F,A,female,22.0,anger,0.0
CFD-WF-205-006-N.jpg,WF-205,006,W,F,N,female,26.0,neutral,0.0
CFD-AF-246-242-N.jpg,AF-246,242,A,F,N,female,31.0,neutral,0.011
CFD-WF-008-005-HC.jpg,WF-008,005,W,F,HC,female,30.0,happiness,1.0
CFD-WF-008-016-F.jpg,WF-008,016,W,F,F,female,31.0,surprise,0.0
CFD-WF-008-011-A.jpg,WF-008,011,W,F,A,female,37.0,contempt,0.012
CFD-WF-008-003-HO.jpg,WF-008,003,W,F,HO,female,30.0,happiness,1.0
CFD-WF-008-002-N.jpg,WF-008,002,W,F,N,female,31.0,neutral,0.102
CFD-LM-251-073-N.jpg,LM-251,073,L,M,N,male,24.0,neutral,0.0
CFD-AF-241-141-N.jpg,AF-241,141,A,F,N,female,27.0,neutral,0.0
CFD-WF-202-056-N.jpg,WF-202,056,W,F,N,female,21.0,neutral,0.0
CFD-WF-030-031-HC.jpg,WF-030,031,W,F,HC,female,22.0,happiness,0.993
CFD-WF-030-026-F.jpg,WF-030,026,W,F,F,female,23.0,sadness,0.132
CFD-WF-030-003-HO.jpg,WF-030,003,W,F,HO,female,22.0,happiness,1.0
CFD-WF-030-002-N.jpg,WF-030,002,W,F,N,female,21.0,neutral,0.0
CFD-WF-030-033-A.jpg,WF-030,033,W,F,A,female,24.0,anger,0.0
CFD-BF-251-211-N.jpg,BF-251,211,B,F,N,female,33.0,neutral,0.029
CFD-WF-234-086-N.jpg,WF-234,086,W,F,N,female,24.0,neutral,0.0
CFD-WF-006-002-N.jpg,WF-006,002,W,F,N,female,25.0,neutral,0.0
CFD-WF-006-011-F.jpg,WF-006,011,W,F,F,female,27.0,surprise,0.0
CFD-WF-006-019-A.jpg,WF-006,019,W,F,A,female,23.0,neutral,0.072
CFD-WF-006-006-HO.jpg,WF-006,006,W,F,HO,female,30.0,happiness,1.0
CFD-WF-006-003-HC.jpg,WF-006,003,W,F,HC,female,29.0,happiness,0.979
CFD-AF-248-148-N.jpg,AF-248,148,A,F,N,female,33.0,neutral,0.0
CFD-WF-039-025-N.jpg,WF-039,025,W,F,N,female,19.0,neutral,0.0
CFD-WF-039-032-A.jpg,WF-039,032,W,F,A,female,25.0,neutral,0.001
CFD-WF-039-008-HC.jpg,WF-039,008,W,F,HC,female,19.0,happiness,0.981
CFD-WF-039-005-HO.jpg,WF-039,005,W,F,HO,female,19.0,happiness,1.0
CFD-WF-039-044-F.jpg,WF-039,044,W,F,F,female,23.0,happiness,0.712
CFD-WF-001-009-HO.jpg,WF-001,009,W,F,HO,female,28.0,happiness,1.0
CFD-WF-001-016-A.jpg,WF-001,016,W,F,A,female,24.0,anger,0.0
CFD-WF-001-003-N.jpg,WF-001,003,W,F,N,female,23.0,neutral,0.0
CFD-WF-001-010-HC.jpg,WF-001,010,W,F,HC,female,25.0,happiness,1.0
CFD-WF-001-027-F.jpg,WF-001,027,W,F,F,female,23.0,surprise,0.0
CFD-WF-233-112-N.jpg,WF-233,112,W,F,N,female,23.0,neutral,0.0
CFD-BF-242-154-N.jpg,BF-242,154,B,F,N,female,21.0,neutral,0.0
CFD-WF-211-001-N.jpg,WF-211,001,W,F,N,female,19.0,neutral,0.0
CFD-WF-023-020-HO.jpg,WF-023,020,W,F,HO,female,37.0,happiness,1.0
CFD-WF-023-026-F.jpg,WF-023,026,W,F,F,female,31.0,fear,0.0
CFD-WF-023-021-HC.jpg,WF-023,021,W,F,HC,female,33.0,happiness,0.662
CFD-WF-023-013-A.jpg,WF-023,013,W,F,A,female,32.0,anger,0.0
CFD-WF-023-003-N.jpg,WF-023,003,W,F,N,female,33.0,neutral,0.004
CFD-AF-252-135-N.jpg,AF-252,135,A,F,N,female,21.0,neutral,0.0
CFD-LM-242-002-N.jpg,LM-242,002,L,M,N,male,22.0,neutral,0.001
CFD-WF-229-004-N.jpg,WF-229,004,W,F,N,female,17.0,neutral,0.0
CFD-BF-245-178-N.jpg,BF-245,178,B,F,N,female,28.0,neutral,0.0
CFD-AF-255-209-N.jpg,AF-255,209,A,F,N,female,24.0,neutral,0.0
CFD-WF-024-006-HO.jpg,WF-024,006,W,F,HO,female,26.0,happiness,1.0
CFD-WF-024-003-N.jpg,WF-024,003,W,F,N,female,27.0,neutral,0.0
CFD-WF-024-029-A.jpg,WF-024,029,W,F,A,male,26.0,anger,0.0
CFD-WF-024-010-HC.jpg,WF-024,010,W,F,HC,female,26.0,happiness,0.992
CFD-WF-024-031-F.jpg,WF-024,031,W,F,F,female,32.0,fear,0.0
CFD-BF-048-005-HO.jpg,BF-048,005,B,F,HO,female,28.0,happiness,1.0
CFD-BF-048-038-A.jpg,BF-048,038,B,F,A,female,27.0,disgust,0.014
CFD-BF-048-006-HC.jpg,BF-048,006,B,F,HC,female,28.0,happiness,1.0
CFD-BF-048-013-F.jpg,BF-048,013,B,F,F,female,28.0,surprise,0.0
CFD-BF-048-002-N.jpg,BF-048,002,B,F,N,female,28.0,neutral,0.0
CFD-WF-216-079-N.jpg,WF-216,079,W,F,N,female,32.0,neutral,0.003
CFD-BF-041-004-HO.jpg,BF-041,004,B,F,HO,female,16.0,happiness,1.0
CFD-BF-041-001-N.jpg,BF-041,001,B,F,N,female,15.0,neutral,0.0
CFD-BF-041-018-F.jpg,BF-041,018,B,F,F,female,16.0,neutral,0.006
CFD-BF-041-038-HC.jpg,BF-041,038,B,F,HC,female,14.0,happiness,0.998
CFD-BF-041-047-A.jpg,BF-041,047,B,F,A,female,15.0,neutral,0.008
CFD-WF-012-017-F.jpg,WF-012,017,W,F,F,female,21.0,sadness,0.0
CFD-WF-012-002-N.jpg,WF-012,002,W,F,N,female,22.0,neutral,0.0
CFD-WF-012-004-HC.jpg,WF-012,004,W,F,HC,female,25.0,happiness,1.0
CFD-WF-012-012-A.jpg,WF-012,012,W,F,A,female,26.0,neutral,0.0
CFD-WF-012-007-HO.jpg,WF-012,007,W,F,HO,female,26.0,happiness,1.0
CFD-WF-220-101-N.jpg,WF-220,101,W,F,N,female,23.0,neutral,0.0
CFD-WF-218-087-N.jpg,WF-218,087,W,F,N,female,28.0,neutral,0.001
CFD-WF-227-002-N.jpg,WF-227,002,W,F,N,female,30.0,neutral,0.0
CFD-WF-015-014-A.jpg,WF-015,014,W,F,A,female,27.0,neutral,0.0
CFD-WF-015-006-N.jpg,WF-015,006,W,F,N,female,26.0,neutral,0.0
CFD-WF-015-022-HO.jpg,WF-015,022,W,F,HO,female,26.0,happiness,1.0
CFD-WF-015-027-F.jpg,WF-015,027,W,F,F,female,28.0,surprise,0.0
CFD-WF-015-023-HC.jpg,WF-015,023,W,F,HC,female,27.0,happiness,1.0
CFD-AF-230-193-N.jpg,AF-230,193,A,F,N,female,24.0,neutral,0.0
CFD-LM-220-329-N.jpg,LM-220,329,L,M,N,male,30.0,neutral,0.0
CFD-BF-012-020-HC.jpg,BF-012,020,B,F,HC,female,26.0,happiness,0.947
CFD-BF-012-018-F.jpg,BF-012,018,B,F,F,female,31.0,surprise,0.0
CFD-BF-012-019-HO.jpg,BF-012,019,B,F,HO,female,29.0,happiness,1.0
CFD-BF-012-001-N.jpg,BF-012,001,B,F,N,female,24.0,neutral,0.0
CFD-BF-012-015-A.jpg,BF-012,015,B,F,A,female,28.0,neutral,0.0
CFD-BF-220-161-N.jpg,BF-220,161,B,F,N,female,33.0,neutral,0.001
CFD-LM-227-103-N.jpg,LM-227,103,L,M,N,male,31.0,neutral,0.0
CFD-BF-218-207-N.jpg,BF-218,207,B,F,N,female,24.0,neutral,0.077
CFD-AF-237-223-N.jpg,AF-237,223,A,F,N,female,26.0,neutral,0.0
CFD-LM-218-183-N.jpg,LM-218,183,L,M,N,male,30.0,neutral,0.0
CFD-AF-208-003-N.jpg,AF-208,003,A,F,N,female,26.0,neutral,0.0
CFD-BF-227-137-N.jpg,BF-227,137,B,F,N,female,22.0,neutral,0.0
CFD-BF-015-025-F.jpg,BF-015,025,B,F,F,female,31.0,sadness,0.001
CFD-BF-015-022-A.jpg,BF-015,022,B,F,A,female,29.0,neutral,0.0
CFD-BF-015-006-HO.jpg,BF-015,006,B,F,HO,female,36.0,happiness,1.0
CFD-BF-015-004-N.jpg,BF-015,004,B,F,N,female,32.0,neutral,0.0
CFD-BF-015-007-HC.jpg,BF-015,007,B,F,HC,female,36.0,happiness,0.998
CFD-LM-211-128-N.jpg,LM-211,128,L,M,N,male,22.0,neutral,0.0
CFD-AF-201-060-N.jpg,AF-201,060,A,F,N,female,22.0,neutral,0.0
CFD-WF-242-001-N.jpg,WF-242,001,W,F,N,female,23.0,neutral,0.0
CFD-BF-211-168-N.jpg,BF-211,168,B,F,N,female,47.0,neutral,0.0
CFD-BF-023-014-F.jpg,BF-023,014,B,F,F,female,30.0,surprise,0.0
CFD-BF-023-013-A.jpg,BF-023,013,B,F,A,female,19.0,neutral,0.0
CFD-BF-023-012-HC.jpg,BF-023,012,B,F,HC,female,18.0,happiness,1.0
CFD-BF-023-010-N.jpg,BF-023,010,B,F,N,female,21.0,neutral,0.0
CFD-BF-023-003-HO.jpg,BF-023,003,B,F,HO,female,19.0,happiness,1.0
CFD-BF-229-179-N.jpg,BF-229,179,B,F,N,female,25.0,neutral,0.0
CFD-WF-245-084-N.jpg,WF-245,084,W,F,N,female,41.0,neutral,0.0
CFD-AF-206-079-N.jpg,AF-206,079,A,F,N,female,22.0,neutral,0.0
CFD-LM-216-082-N.jpg,LM-216,082,L,M,N,male,19.0,neutral,0.0
CFD-AF-239-171-N.jpg,AF-239,171,A,F,N,female,29.0,neutral,0.002
CFD-BF-024-002-N.jpg,BF-024,002,B,F,N,female,24.0,neutral,0.0
CFD-BF-024-030-F.jpg,BF-024,030,B,F,F,female,25.0,surprise,0.489
CFD-BF-024-003-HC.jpg,BF-024,003,B,F,HC,female,23.0,happiness,0.95
CFD-BF-024-024-A.jpg,BF-024,024,B,F,A,female,24.0,contempt,0.0
CFD-BF-024-005-HO.jpg,BF-024,005,B,F,HO,female,24.0,happiness,1.0
CFD-BF-216-132-N.jpg,BF-216,132,B,F,N,female,26.0,neutral,0.0
CFD-LM-229-187-N.jpg,LM-229,187,L,M,N,male,32.0,neutral,0.0
CFD-BF-047-004-HC.jpg,BF-047,004,B,F,HC,female,33.0,happiness,1.0
CFD-BF-047-003-N.jpg,BF-047,003,B,F,N,female,37.0,neutral,0.0
CFD-BF-047-055-F.jpg,BF-047,055,B,F,F,female,29.0,fear,0.0
CFD-BF-047-046-A.jpg,BF-047,046,B,F,A,female,30.0,anger,0.0
CFD-BF-047-028-HO.jpg,BF-047,028,B,F,HO,female,30.0,happiness,1.0
CFD-WF-219-038-N.jpg,WF-219,038,W,F,N,female,24.0,neutral,0.0
CFD-WF-014-002-N.jpg,WF-014,002,W,F,N,female,37.0,neutral,0.007
CFD-WF-014-004-HO.jpg,WF-014,004,W,F,HO,female,37.0,happiness,1.0
CFD-WF-014-012-A.jpg,WF-014,012,W,F,A,female,39.0,neutral,0.005
CFD-WF-014-009-HC.jpg,WF-014,009,W,F,HC,female,40.0,happiness,1.0
CFD-WF-014-023-F.jpg,WF-014,023,W,F,F,female,40.0,happiness,1.0
CFD-WF-226-095-N.jpg,WF-226,095,W,F,N,female,27.0,neutral,0.0
CFD-BF-040-003-N.jpg,BF-040,003,B,F,N,female,15.0,neutral,0.0
CFD-BF-040-051-A.jpg,BF-040,051,B,F,A,female,17.0,neutral,0.0
CFD-BF-040-010-HC.jpg,BF-040,010,B,F,HC,female,17.0,happiness,0.999
CFD-BF-040-043-HO.jpg,BF-040,043,B,F,HO,female,17.0,happiness,1.0
CFD-BF-040-081-F.jpg,BF-040,081,B,F,F,female,18.0,surprise,0.001
CFD-WF-221-005-N.jpg,WF-221,005,W,F,N,female,26.0,neutral,0.001
CFD-WF-013-009-HC.jpg,WF-013,009,W,F,HC,female,33.0,happiness,1.0
CFD-WF-013-003-N.jpg,WF-013,003,W,F,N,female,30.0,neutral,0.032
CFD-WF-013-006-HO.jpg,WF-013,006,W,F,HO,female,32.0,happiness,1.0
CFD-WF-013-015-A.jpg,WF-013,015,W,F,A,female,28.0,contempt,0.02
CFD-WF-013-019-F.jpg,WF-013,019,W,F,F,female,31.0,happiness,0.585
CFD-BF-244-231-N.jpg,BF-244,231,B,F,N,female,33.0,neutral,0.0
CFD-WF-228-196-N.jpg,WF-228,196,W,F,N,female,28.0,neutral,0.0
CFD-AF-254-167-N.jpg,AF-254,167,A,F,N,female,33.0,neutral,0.0
CFD-BF-049-039-A.jpg,BF-049,039,B,F,A,female,19.0,neutral,0.0
CFD-BF-049-042-F.jpg,BF-049,042,B,F,F,female,23.0,surprise,0.001
CFD-BF-049-032-N.jpg,BF-049,032,B,F,N,female,18.0,neutral,0.0
CFD-BF-049-034-HO.jpg,BF-049,034,B,F,HO,female,19.0,happiness,1.0
CFD-BF-049-036-HC.jpg,BF-049,036,B,F,HC,female,18.0,happiness,0.999
CFD-WF-217-085-N.jpg,WF-217,085,W,F,N,female,30.0,neutral,0.0
CFD-WF-025-031-F.jpg,WF-025,031,W,F,F,female,39.0,fear,0.003
CFD-WF-025-023-HC.jpg,WF-025,023,W,F,HC,female,37.0,happiness,1.0
CFD-WF-025-015-A.jpg,WF-025,015,W,F,A,female,31.0,neutral,0.0
CFD-WF-025-019-N.jpg,WF-025,019,W,F,N,female,33.0,neutral,0.0
CFD-WF-025-006-HO.jpg,WF-025,006,W,F,HO,female,35.0,happiness,1.0
CFD-LM-244-068-N.jpg,LM-244,068,L,M,N,male,24.0,neutral,0.001
CFD-BF-243-164-N.jpg,BF-243,164,B,F,N,female,24.0,neutral,0.0
CFD-LM-243-075-N.jpg,LM-243,075,L,M,N,male,19.0,neutral,0.0
CFD-WF-022-019-HO.jpg,WF-022,019,W,F,HO,female,24.0,happiness,1.0
CFD-WF-022-017-N.jpg,WF-022,017,W,F,N,female,23.0,neutral,0.0
CFD-WF-022-023-A.jpg,WF-022,023,W,F,A,female,21.0,anger,0.0
CFD-WF-022-014-F.jpg,WF-022,014,W,F,F,female,23.0,happiness,0.353
CFD-WF-022-007-HC.jpg,WF-022,007,W,F,HC,female,23.0,happiness,1.0
CFD-WF-210-086-N.jpg,WF-210,086,W,F,N,female,24.0,neutral,0.0
CFD-AF-253-130-N.jpg,AF-253,130,A,F,N,female,20.0,neutral,0.007
CFD-LM-217-162-N.jpg,LM-217,162,L,M,N,male,31.0,neutral,0.0
CFD-WF-244-163-N.jpg,WF-244,163,W,F,N,female,23.0,neutral,0.0
CFD-BF-228-212-N.jpg,BF-228,212,B,F,N,female,25.0,neutral,0.094
CFD-AF-207-023-N.jpg,AF-207,023,A,F,N,female,27.0,neutral,0.0
CFD-LM-228-188-N.jpg,LM-228,188,L,M,N,male,30.0,neutral,0.0
CFD-AF-238-185-N.jpg,AF-238,185,A,F,N,female,36.0,neutral,0.0
CFD-BF-217-189-N.jpg,BF-217,189,B,F,N,female,26.0,neutral,0.0
CFD-BF-025-018-HC.jpg,BF-025,018,B,F,HC,female,24.0,happiness,1.0
CFD-BF-025-005-HO.jpg,BF-025,005,B,F,HO,female,24.0,happiness,1.0
CFD-BF-025-011-A.jpg,BF-025,011,B,F,A,female,23.0,anger,0.0
CFD-BF-025-002-N.jpg,BF-025,002,B,F,N,female,25.0,neutral,0.0
CFD-BF-025-020-F.jpg,BF-025,020,B,F,F,female,24.0,surprise,0.006
CFD-AF-200-228-N.jpg,AF-200,228,A,F,N,female,32.0,neutral,0.0
CFD-WF-243-148-N.jpg,WF-243,148,W,F,N,female,25.0,neutral,0.0
CFD-LM-210-156-N.jpg,LM-210,156,L,M,N,male,27.0,neutral,0.0
CFD-BF-210-130-N.jpg,BF-210,130,B,F,N,female,20.0,neutral,0.03
CFD-BF-219-137-N.jpg,BF-219,137,B,F,N,female,24.0,neutral,0.0
CFD-AF-236-145-N.jpg,AF-236,145,A,F,N,female,34.0,neutral,0.0
CFD-LM-226-175-N.jpg,LM-226,175,L,M,N,male,32.0,neutral,0.0
CFD-AF-209-006-N.jpg,AF-209,006,A,F,N,female,21.0,neutral,0.0
CFD-BF-014-004-HO.jpg,BF-014,004,B,F,HO,female,18.0,happiness,1.0
CFD-BF-014-021-F.jpg,BF-014,021,B,F,F,female,20.0,sadness,0.022
CFD-BF-014-005-HC.jpg,BF-014,005,B,F,HC,female,18.0,happiness,0.588
CFD-BF-014-002-N.jpg,BF-014,002,B,F,N,female,18.0,neutral,0.0
CFD-BF-014-013-A.jpg,BF-014,013,B,F,A,female,19.0,anger,0.0
CFD-BF-226-119-N.jpg,BF-226,119,B,F,N,female,25.0,neutral,0.0
CFD-LM-219-295-N.jpg,LM-219,295,L,M,N,male,26.0,neutral,0.035
CFD-LM-221-216-N.jpg,LM-221,216,L,M,N,male,34.0,neutral,0.002
CFD-AF-231-357-N.jpg,AF-231,357,A,F,N,female,35.0,neutral,0.0
CFD-BF-221-223-N.jpg,BF-221,223,B,F,N,female,25.0,neutral,0.011
CFD-BF-013-005-HC.jpg,BF-013,005,B,F,HC,female,19.0,happiness,0.985
CFD-BF-013-026-F.jpg,BF-013,026,B,F,F,female,19.0,surprise,0.0
CFD-BF-013-003-HO.jpg,BF-013,003,B,F,HO,female,19.0,happiness,1.0
CFD-BF-013-017-A.jpg,BF-013,017,B,F,A,female,20.0,neutral,0.0
CFD-BF-013-001-N.jpg,BF-013,001,B,F,N,female,20.0,neutral,0.0
CFD-LF-206-078-N.jpg,LF-206,078,L,F,N,female,29.0,neutral,0.0
CFD-WM-255-219-N.jpg,WM-255,219,W,M,N,male,29.0,neutral,0.0
CFD-BM-239-136-N.jpg,BM-239,136,B,M,N,male,19.0,neutral,0.0
CFD-AM-216-114-N.jpg,AM-216,114,A,M,N,male,28.0,neutral,0.028
CFD-LF-239-148-N.jpg,LF-239,148,L,F,N,female,20.0,neutral,0.0
CFD-AM-229-224-N.jpg,AM-229,224,A,M,N,male,23.0,neutral,0.003
CFD-BM-206-114-N.jpg,BM-206,114,B,M,N,male,32.0,neutral,0.0
CFD-BM-034-033-HO.jpg,BM-034,033,B,M,HO,male,32.0,happiness,1.0
CFD-BM-034-040-A.jpg,BM-034,040,B,M,A,male,35.0,anger,0.0
CFD-BM-034-025-F.jpg,BM-034,025,B,M,F,male,34.0,surprise,0.0
CFD-BM-034-035-HC.jpg,BM-034,035,B,M,HC,male,34.0,happiness,1.0
CFD-BM-034-031-N.jpg,BM-034,031,B,M,N,male,31.0,neutral,0.0
CFD-AM-211-052-N.jpg,AM-211,052,A,M,N,male,21.0,neutral,0.0
CFD-WM-252-224-N.jpg,WM-252,224,W,M,N,male,30.0,neutral,0.0
CFD-LF-201-035-N.jpg,LF-201,035,L,F,N,female,28.0,neutral,0.001
CFD-BM-033-029-HO.jpg,BM-033,029,B,M,HO,male,40.0,happiness,1.0
CFD-BM-033-003-N.jpg,BM-033,003,B,M,N,male,38.0,neutral,0.0
CFD-BM-033-032-A.jpg,BM-033,032,B,M,A,male,42.0,neutral,0.0
CFD-BM-033-026-HC.jpg,BM-033,026,B,M,HC,male,40.0,happiness,1.0
CFD-BM-033-038-F.jpg,BM-033,038,B,M,F,male,36.0,surprise,0.0
CFD-BM-201-077-N.jpg,BM-201,077,B,M,N,male,17.0,neutral,0.0
CFD-BM-208-065-N.jpg,BM-208,065,B,M,N,male,25.0,neutral,0.0
CFD-AM-227-184-N.jpg,AM-227,184,A,M,N,male,40.0,neutral,0.0
CFD-LF-237-190-N.jpg,LF-237,190,L,F,N,female,24.0,neutral,0.0
CFD-AM-218-085-N.jpg,AM-218,085,A,M,N,male,28.0,neutral,0.005
CFD-BM-005-010-A.jpg,BM-005,010,B,M,A,male,23.0,neutral,0.001
CFD-BM-005-016-F.jpg,BM-005,016,B,M,F,male,20.0,surprise,0.0
CFD-BM-005-005-HO.jpg,BM-005,005,B,M,HO,male,19.0,happiness,1.0
CFD-BM-005-003-N.jpg,BM-005,003,B,M,N,male,22.0,neutral,0.0
CFD-BM-237-188-N.jpg,BM-237,188,B,M,N,male,25.0,neutral,0.0
CFD-LF-208-127-N.jpg,LF-208,127,L,F,N,female,21.0,neutral,0.0
CFD-LF-230-203-N.jpg,LF-230,203,L,F,N,female,28.0,happiness,0.545
CFD-AM-220-134-N.jpg,AM-220,134,A,M,N,male,19.0,neutral,0.0
CFD-BM-230-232-N.jpg,BM-230,232,B,M,N,male,32.0,neutral,0.0
CFD-BM-002-011-HC.jpg,BM-002,011,B,M,HC,male,28.0,happiness,1.0
CFD-BM-002-013-N.jpg,BM-002,013,B,M,N,male,26.0,neutral,0.0
CFD-BM-002-002-F.jpg,BM-002,002,B,M,F,male,27.0,surprise,0.001
CFD-BM-002-007-HO.jpg,BM-002,007,B,M,HO,male,26.0,happiness,1.0
CFD-BM-002-016-A.jpg,BM-002,016,B,M,A,male,26.0,anger,0.0
CFD-WM-208-068-N.jpg,WM-208,068,W,M,N,male,25.0,neutral,0.0
CFD-WM-237-052-N.jpg,WM-237,052,W,M,N,male,31.0,neutral,0.0
CFD-WM-230-131-N.jpg,WM-230,131,W,M,N,male,21.0,neutral,0.007
CFD-WM-002-017-A.jpg,WM-002,017,W,M,A,male,34.0,neutral,0.01
CFD-WM-002-007-HO.jpg,WM-002,007,W,M,HO,male,35.0,happiness,1.0
CFD-WM-002-009-N.jpg,WM-002,009,W,M,N,male,32.0,neutral,0.0
CFD-WM-002-008-HC.jpg,WM-002,008,W,M,HC,male,34.0,happiness,1.0
CFD-WM-239-128-N.jpg,WM-239,128,W,M,N,male,21.0,neutral,0.0
CFD-AM-245-111-N.jpg,AM-245,111,A,M,N,male,26.0,neutral,0.0
CFD-WM-206-045-N.jpg,WM-206,045,W,M,N,male,21.0,neutral,0.0
CFD-WM-034-027-F.jpg,WM-034,027,W,M,F,male,29.0,fear,0.002
CFD-WM-034-040-A.jpg,WM-034,040,W,M,A,male,27.0,neutral,0.0
CFD-WM-034-035-HO.jpg,WM-034,035,W,M,HO,male,27.0,happiness,1.0
CFD-WM-034-030-N.jpg,WM-034,030,W,M,N,male,26.0,neutral,0.0
CFD-WM-034-032-HC.jpg,WM-034,032,W,M,HC,male,28.0,happiness,1.0
CFD-LF-255-088-N.jpg,LF-255,088,L,F,N,female,22.0,neutral,0.0
CFD-BM-252-161-N.jpg,BM-252,161,B,M,N,male,30.0,neutral,0.0
CFD-LF-252-172-N.jpg,LF-252,172,L,F,N,female,23.0,neutral,0.137
CFD-WM-033-006-HC.jpg,WM-033,006,W,M,HC,male,30.0,happiness,0.999
CFD-WM-033-007-HO.jpg,WM-033,007,W,M,HO,male,31.0,happiness,1.0
CFD-WM-033-053-F.jpg,WM-033,053,W,M,F,male,33.0,surprise,0.0
CFD-WM-033-014-A.jpg,WM-033,014,W,M,A,male,31.0,neutral,0.0
CFD-WM-033-025-N.jpg,WM-033,025,W,M,N,male,27.0,neutral,0.0
CFD-WM-201-063-N.jpg,WM-201,063,W,M,N,male,35.0,neutral,0.004
CFD-AM-242-176-N.jpg,AM-242,176,A,M,N,male,31.0,neutral,0.018
CFD-AM-221-184-N.jpg,AM-221,184,A,M,N,male,19.0,neutral,0.0
CFD-LF-231-260-N.jpg,LF-231,260,L,F,N,female,28.0,neutral,0.0
CFD-BM-003-021-HO.jpg,BM-003,021,B,M,HO,male,28.0,happiness,1.0
CFD-BM-003-031-F.jpg,BM-003,031,B,M,F,male,26.0,surprise,0.0
CFD-BM-003-003-N.jpg,BM-003,003,B,M,N,male,26.0,neutral,0.0
CFD-BM-003-030-A.jpg,BM-003,030,B,M,A,male,29.0,neutral,0.0
CFD-BM-231-155-N.jpg,BM-231,155,B,M,N,male,31.0,neutral,0.0
CFD-LF-236-221-N.jpg,LF-236,221,L,F,N,female,19.0,neutral,0.0
CFD-BM-209-088-N.jpg,BM-209,088,B,M,N,male,32.0,neutral,0.0
CFD-AM-226-234-N.jpg,AM-226,234,A,M,N,male,46.0,neutral,0.0
CFD-LF-209-072-N.jpg,LF-209,072,L,F,N,female,18.0,neutral,0.0
CFD-AM-219-101-N.jpg,AM-219,101,A,M,N,male,38.0,neutral,0.0
CFD-BM-236-248-N.jpg,BM-236,248,B,M,N,male,31.0,neutral,0.119
CFD-BM-004-002-N.jpg,BM-004,002,B,M,N,male,36.0,neutral,0.0
CFD-LF-200-058-N.jpg,LF-200,058,L,F,N,female,29.0,neutral,0.0
CFD-AM-210-035-N.jpg,AM-210,035,A,M,N,male,18.0,neutral,0.0
CFD-WM-253-119-N.jpg,WM-253,119,W,M,N,male,23.0,neutral,0.0
CFD-BM-200-046-N.jpg,BM-200,046,B,M,N,male,23.0,neutral,0.0
CFD-BM-032-024-N.jpg,BM-032,024,B,M,N,male,27.0,neutral,0.001
CFD-BM-032-015-A.jpg,BM-032,015,B,M,A,male,29.0,neutral,0.003
CFD-BM-032-039-F.jpg,BM-032,039,B,M,F,male,27.0,surprise,0.0
CFD-BM-032-007-HO.jpg,BM-032,007,B,M,HO,male,30.0,happiness,1.0
CFD-BM-032-010-HC.jpg,BM-032,010,B,M,HC,male,28.0,happiness,1.0
CFD-BM-238-242-N.jpg,BM-238,242,B,M,N,male,21.0,neutral,0.0
CFD-WM-254-152-N.jpg,WM-254,152,W,M,N,male,31.0,neutral,0.0
CFD-AM-217-085-N.jpg,AM-217,085,A,M,N,male,45.0,neutral,0.0
CFD-LF-207-198-N.jpg,LF-207,198,L,F,N,female,20.0,neutral,0.0
CFD-AM-228-214-N.jpg,AM-228,214,A,M,N,male,25.0,neutral,0.0
CFD-BM-207-024-N.jpg,BM-207,024,B,M,N,male,23.0,neutral,0.0
CFD-LF-238-154-N.jpg,LF-238,154,L,F,N,female,45.0,neutral,0.304
CFD-BM-253-004-N.jpg,BM-253,004,B,M,N,male,26.0,neutral,0.0
CFD-WM-200-034-N.jpg,WM-200,034,W,M,N,male,19.0,neutral,0.0
CFD-WM-032-004-HO.jpg,WM-032,004,W,M,HO,male,28.0,happiness,1.0
CFD-WM-032-021-F.jpg,WM-032,021,W,M,F,male,30.0,surprise,0.0
CFD-WM-032-014-A.jpg,WM-032,014,W,M,A,male,30.0,neutral,0.001
CFD-WM-032-001-N.jpg,WM-032,001,W,M,N,male,26.0,neutral,0.17
CFD-WM-032-008-HC.jpg,WM-032,008,W,M,HC,male,29.0,happiness,1.0
CFD-AM-243-212-N.jpg,AM-243,212,A,M,N,male,28.0,neutral,0.0
CFD-LF-253-003-N.jpg,LF-253,003,L,F,N,female,21.0,neutral,0.0
CFD-WM-238-020-N.jpg,WM-238,020,W,M,N,male,27.0,neutral,0.0
CFD-LF-254-125-N.jpg,LF-254,125,L,F,N,female,19.0,neutral,0.0
CFD-AM-244-222-N.jpg,AM-244,222,A,M,N,male,21.0,neutral,0.0
CFD-WM-035-018-A.jpg,WM-035,018,W,M,A,male,24.0,neutral,0.0
CFD-WM-035-032-N.jpg,WM-035,032,W,M,N,male,24.0,neutral,0.0
CFD-WM-035-033-HO.jpg,WM-035,033,W,M,HO,male,31.0,happiness,1.0
CFD-WM-035-036-HC.jpg,WM-035,036,W,M,HC,male,30.0,happiness,1.0
CFD-WM-035-028-F.jpg,WM-035,028,W,M,F,male,27.0,surprise,0.0
CFD-WM-207-048-N.jpg,WM-207,048,W,M,N,male,30.0,neutral,0.088
CFD-WM-003-003-HO.jpg,WM-003,003,W,M,HO,male,24.0,happiness,1.0
CFD-WM-003-006-HC.jpg,WM-003,006,W,M,HC,male,25.0,happiness,0.909
CFD-WM-003-002-N.jpg,WM-003,002,W,M,N,male,24.0,neutral,0.0
CFD-WM-003-008-A.jpg,WM-003,008,W,M,A,male,26.0,neutral,0.0
CFD-WM-231-112-N.jpg,WM-231,112,W,M,N,male,19.0,neutral,0.0
CFD-WM-209-038-N.jpg,WM-209,038,W,M,N,male,23.0,neutral,0.0
CFD-WM-236-072-N.jpg,WM-236,072,W,M,N,male,22.0,neutral,0.0
CFD-WM-004-011-A.jpg,WM-004,011,W,M,A,male,30.0,anger,0.0
CFD-WM-004-005-HC.jpg,WM-004,005,W,M,HC,male,32.0,happiness,1.0
CFD-WM-004-010-N.jpg,WM-004,010,W,M,N,male,29.0,neutral,0.0
CFD-WM-004-006-HO.jpg,WM-004,006,W,M,HO,male,32.0,happiness,1.0
CFD-WM-004-002-F.jpg,WM-004,002,W,M,F,male,30.0,surprise,0.0
CFD-BM-221-198-N.jpg,BM-221,198,B,M,N,male,34.0,neutral,0.0
CFD-BM-013-004-HO.jpg,BM-013,004,B,M,HO,male,24.0,happiness,1.0
CFD-BM-013-002-N.jpg,BM-013,002,B,M,N,male,21.0,neutral,0.0
CFD-BM-013-016-A.jpg,BM-013,016,B,M,A,male,26.0,anger,0.0
CFD-BM-013-019-F.jpg,BM-013,019,B,M,F,male,23.0,surprise,0.0
CFD-BM-013-014-HC.jpg,BM-013,014,B,M,HC,male,27.0,happiness,1.0
CFD-LF-221-002-N.jpg,LF-221,002,L,F,N,female,18.0,neutral,0.0
CFD-WM-040-022-N.jpg,WM-040,022,W,M,N,male,29.0,neutral,0.0
CFD-WM-040-033-F.jpg,WM-040,033,W,M,F,male,31.0,surprise,0.001
CFD-WM-040-023-HO.jpg,WM-040,023,W,M,HO,male,29.0,happiness,1.0
CFD-WM-040-007-A.jpg,WM-040,007,W,M,A,male,29.0,neutral,0.0
CFD-WM-040-025-HC.jpg,WM-040,025,W,M,HC,male,30.0,happiness,1.0
CFD-AM-231-136-N.jpg,AM-231,136,A,M,N,male,25.0,neutral,0.067
CFD-BM-226-276-N.jpg,BM-226,276,B,M,N,male,22.0,neutral,0.0
CFD-AM-209-048-N.jpg,AM-209,048,A,M,N,male,25.0,neutral,0.001
CFD-LF-219-223-N.jpg,LF-219,223,L,F,N,female,24.0,neutral,0.0
CFD-AM-236-090-N.jpg,AM-236,090,A,M,N,male,23.0,neutral,0.0
CFD-BM-219-141-N.jpg,BM-219,141,B,M,N,male,20.0,neutral,0.0
CFD-LF-226-174-N.jpg,LF-226,174,L,F,N,female,25.0,neutral,0.0
CFD-BM-022-004-HC.jpg,BM-022,004,B,M,HC,male,30.0,happiness,0.999
CFD-BM-022-027-HO.jpg,BM-022,027,B,M,HO,male,31.0,happiness,1.0
CFD-BM-022-022-N.jpg,BM-022,022,B,M,N,male,30.0,neutral,0.0
CFD-BM-022-030-A.jpg,BM-022,030,B,M,A,male,35.0,neutral,0.0
CFD-BM-022-014-F.jpg,BM-022,014,B,M,F,male,31.0,surprise,0.0
CFD-BM-210-148-N.jpg,BM-210,148,B,M,N,male,26.0,neutral,0.0
CFD-WM-243-107-N.jpg,WM-243,107,W,M,N,male,34.0,neutral,0.0
CFD-LF-210-220-N.jpg,LF-210,220,L,F,N,female,19.0,neutral,0.0
CFD-LF-228-125-N.jpg,LF-228,125,L,F,N,female,22.0,neutral,0.0
CFD-BM-217-082-N.jpg,BM-217,082,B,M,N,male,23.0,neutral,0.0
CFD-BM-025-045-A.jpg,BM-025,045,B,M,A,male,34.0,anger,0.0
CFD-BM-025-035-N.jpg,BM-025,035,B,M,N,male,31.0,neutral,0.0
CFD-BM-025-040-HO.jpg,BM-025,040,B,M,HO,male,40.0,happiness,1.0
CFD-BM-025-004-HC.jpg,BM-025,004,B,M,HC,male,34.0,happiness,0.759
CFD-BM-025-051-F.jpg,BM-025,051,B,M,F,male,31.0,surprise,0.022
CFD-AM-238-269-N.jpg,AM-238,269,A,M,N,male,29.0,neutral,0.0
CFD-LF-217-082-N.jpg,LF-217,082,L,F,N,female,22.0,neutral,0.016
CFD-AM-207-108-N.jpg,AM-207,108,A,M,N,male,20.0,neutral,0.068
CFD-WM-244-003-N.jpg,WM-244,003,W,M,N,male,30.0,neutral,0.323
CFD-BM-228-145-N.jpg,BM-228,145,B,M,N,male,30.0,neutral,0.005
CFD-LF-243-175-N.jpg,LF-243,175,L,F,N,female,24.0,neutral,0.0
CFD-AM-253-161-N.jpg,AM-253,161,A,M,N,male,20.0,neutral,0.0
CFD-WM-022-012-F.jpg,WM-022,012,W,M,F,male,31.0,neutral,0.0
CFD-WM-022-001-N.jpg,WM-022,001,W,M,N,male,31.0,neutral,0.0
CFD-WM-022-008-A.jpg,WM-022,008,W,M,A,male,32.0,neutral,0.0
CFD-WM-022-005-HO.jpg,WM-022,005,W,M,HO,male,33.0,happiness,1.0
CFD-WM-022-003-HC.jpg,WM-022,003,W,M,HC,male,33.0,happiness,0.997
CFD-WM-210-057-N.jpg,WM-210,057,W,M,N,male,19.0,neutral,0.0
CFD-BM-243-218-N.jpg,BM-243,218,B,M,N,male,33.0,neutral,0.0
CFD-WM-217-070-N.jpg,WM-217,070,W,M,N,male,19.0,neutral,0.0
CFD-WM-025-008-A.jpg,WM-025,008,W,M,A,male,22.0,neutral,0.0
CFD-WM-025-019-HO.jpg,WM-025,019,W,M,HO,male,30.0,happiness,1.0
CFD-WM-025-002-N.jpg,WM-025,002,W,M,N,male,24.0,neutral,0.0
CFD-WM-025-018-HC.jpg,WM-025,018,W,M,HC,male,25.0,happiness,1.0
CFD-WM-025-022-F.jpg,WM-025,022,W,M,F,male,31.0,fear,0.045
CFD-LF-244-096-N.jpg,LF-244,096,L,F,N,female,22.0,neutral,0.0
CFD-BM-244-197-N.jpg,BM-244,197,B,M,N,male,41.0,neutral,0.001
CFD-WM-228-065-N.jpg,WM-228,065,W,M,N,male,29.0,neutral,0.0
CFD-WM-221-091-N.jpg,WM-221,091,W,M,N,male,35.0,neutral,0.0
CFD-WM-013-006-HO.jpg,WM-013,006,W,M,HO,male,37.0,happiness,1.0
CFD-WM-013-019-F.jpg,WM-013,019,W,M,F,male,35.0,surprise,0.185
CFD-WM-013-001-N.jpg,WM-013,001,W,M,N,male,31.0,neutral,0.0
CFD-WM-013-008-HC.jpg,WM-013,008,W,M,HC,male,35.0,happiness,0.635
CFD-WM-013-015-A.jpg,WM-013,015,W,M,A,male,33.0,neutral,0.0
CFD-BM-040-032-HC.jpg,BM-040,032,B,M,HC,male,28.0,happiness,0.743
CFD-BM-040-002-N.jpg,BM-040,002,B,M,N,male,26.0,neutral,0.0
CFD-BM-040-030-HO.jpg,BM-040,030,B,M,HO,male,28.0,happiness,1.0
CFD-BM-040-013-A.jpg,BM-040,013,B,M,A,male,33.0,neutral,0.0
CFD-WM-014-024-F.jpg,WM-014,024,W,M,F,male,37.0,surprise,0.354
CFD-WM-014-004-HO.jpg,WM-014,004,W,M,HO,male,36.0,happiness,1.0
CFD-WM-014-002-N.jpg,WM-014,002,W,M,N,male,36.0,neutral,0.002
CFD-WM-014-008-HC.jpg,WM-014,008,W,M,HC,male,36.0,happiness,0.985
CFD-WM-014-013-A.jpg,WM-014,013,W,M,A,male,34.0,neutral,0.0
CFD-WM-219-008-N.jpg,WM-219,008,W,M,N,male,21.0,neutral,0.0
CFD-BM-024-018-A.jpg,BM-024,018,B,M,A,male,25.0,neutral,0.0
CFD-BM-024-113-HC.jpg,BM-024,113,B,M,HC,male,20.0,happiness,0.987
CFD-BM-024-104-F.jpg,BM-024,104,B,M,F,male,22.0,surprise,0.0
CFD-BM-024-061-HO.jpg,BM-024,061,B,M,HO,male,20.0,happiness,1.0
CFD-BM-024-001-N.jpg,BM-024,001,B,M,N,male,22.0,neutral,0.0
CFD-BM-216-088-N.jpg,BM-216,088,B,M,N,male,29.0,neutral,0.0
CFD-AM-239-147-N.jpg,AM-239,147,A,M,N,male,33.0,neutral,0.0
CFD-LF-229-164-N.jpg,LF-229,164,L,F,N,female,19.0,neutral,0.0
CFD-AM-206-086-N.jpg,AM-206,086,A,M,N,male,23.0,neutral,0.001
CFD-BM-229-209-N.jpg,BM-229,209,B,M,N,male,22.0,neutral,0.0
CFD-WM-245-123-N.jpg,WM-245,123,W,M,N,male,23.0,neutral,0.0
CFD-LF-216-121-N.jpg,LF-216,121,L,F,N,female,22.0,neutral,0.0
CFD-BM-211-174-N.jpg,BM-211,174,B,M,N,male,28.0,neutral,0.0
CFD-BM-023-039-F.jpg,BM-023,039,B,M,F,male,20.0,surprise,0.0
CFD-BM-023-006-HO.jpg,BM-023,006,B,M,HO,male,19.0,happiness,1.0
CFD-BM-023-029-N.jpg,BM-023,029,B,M,N,male,18.0,neutral,0.0
CFD-BM-023-011-A.jpg,BM-023,011,B,M,A,male,19.0,anger,0.0
CFD-BM-023-034-HC.jpg,BM-023,034,B,M,HC,male,19.0,happiness,1.0
CFD-LF-211-003-N.jpg,LF-211,003,L,F,N,female,17.0,neutral,0.0
CFD-WM-242-011-N.jpg,WM-242,011,W,M,N,male,25.0,neutral,0.0
CFD-AM-201-076-N.jpg,AM-201,076,A,M,N,male,23.0,neutral,0.0
CFD-LF-218-072-N.jpg,LF-218,072,L,F,N,female,20.0,neutral,0.0
CFD-BM-227-191-N.jpg,BM-227,191,B,M,N,male,23.0,neutral,0.0
CFD-BM-015-014-F.jpg,BM-015,014,B,M,F,male,31.0,fear,0.0
CFD-BM-015-012-A.jpg,BM-015,012,B,M,A,male,30.0,anger,0.0
CFD-BM-015-017-HC.jpg,BM-015,017,B,M,HC,male,26.0,happiness,0.772
CFD-BM-015-015-N.jpg,BM-015,015,B,M,N,male,26.0,neutral,0.0
CFD-BM-015-016-HO.jpg,BM-015,016,B,M,HO,male,31.0,happiness,1.0
CFD-AM-208-143-N.jpg,AM-208,143,A,M,N,male,24.0,neutral,0.0
CFD-LF-227-054-N.jpg,LF-227,054,L,F,N,female,19.0,neutral,0.002
CFD-AM-237-154-N.jpg,AM-237,154,A,M,N,male,28.0,neutral,0.008
CFD-BM-218-132-N.jpg,BM-218,132,B,M,N,male,34.0,neutral,0.0
CFD-BM-012-018-N.jpg,BM-012,018,B,M,N,male,32.0,neutral,0.0
CFD-WM-041-023-HC.jpg,WM-041,023,W,M,HC,male,29.0,happiness,0.998
CFD-WM-041-009-A.jpg,WM-041,009,W,M,A,male,30.0,neutral,0.0
CFD-WM-041-021-N.jpg,WM-041,021,W,M,N,male,28.0,neutral,0.0
CFD-AM-230-150-N.jpg,AM-230,150,A,M,N,male,23.0,neutral,0.004
CFD-LF-220-120-N.jpg,LF-220,120,L,F,N,female,23.0,neutral,0.0
CFD-WM-227-099-N.jpg,WM-227,099,W,M,N,male,20.0,neutral,0.0
CFD-WM-015-005-HO.jpg,WM-015,005,W,M,HO,male,31.0,happiness,1.0
CFD-WM-015-023-F.jpg,WM-015,023,W,M,F,male,34.0,fear,0.163
CFD-WM-015-009-HC.jpg,WM-015,009,W,M,HC,male,30.0,happiness,1.0
CFD-WM-015-017-A.jpg,WM-015,017,W,M,A,male,32.0,neutral,0.0
CFD-WM-015-002-N.jpg,WM-015,002,W,M,N,male,29.0,neutral,0.0
CFD-BM-046-063-F.jpg,BM-046,063,B,M,F,male,19.0,surprise,0.026
CFD-BM-046-042-HC.jpg,BM-046,042,B,M,HC,male,21.0,happiness,1.0
CFD-BM-046-048-A.jpg,BM-046,048,B,M,A,male,23.0,neutral,0.0
CFD-BM-046-006-N.jpg,BM-046,006,B,M,N,male,21.0,neutral,0.0
CFD-BM-046-039-HO.jpg,BM-046,039,B,M,HO,male,19.0,happiness,1.0
CFD-WM-218-074-N.jpg,WM-218,074,W,M,N,male,25.0,neutral,0.0
CFD-WM-012-005-HO.jpg,WM-012,005,W,M,HO,male,36.0,happiness,1.0
CFD-WM-012-026-F.jpg,WM-012,026,W,M,F,male,33.0,surprise,0.0
CFD-WM-012-015-A.jpg,WM-012,015,W,M,A,male,33.0,neutral,0.0
CFD-WM-012-007-HC.jpg,WM-012,007,W,M,HC,male,34.0,happiness,0.999
CFD-WM-012-001-N.jpg,WM-012,001,W,M,N,male,33.0,neutral,0.0
CFD-WM-220-068-N.jpg,WM-220,068,W,M,N,male,36.0,neutral,0.0
CFD-BM-041-035-N.jpg,BM-041,035,B,M,N,male,29.0,neutral,0.0
CFD-BM-041-041-HO.jpg,BM-041,041,B,M,HO,male,26.0,happiness,1.0
CFD-BM-041-048-A.jpg,BM-041,048,B,M,A,male,34.0,neutral,0.0
CFD-BM-041-045-HC.jpg,BM-041,045,B,M,HC,male,31.0,happiness,0.812
CFD-BM-041-030-F.jpg,BM-041,030,B,M,F,male,33.0,surprise,0.183
CFD-LF-245-166-N.jpg,LF-245,166,L,F,N,female,32.0,neutral,0.035
CFD-WM-024-010-A.jpg,WM-024,010,W,M,A,male,20.0,neutral,0.0
CFD-WM-024-007-HC.jpg,WM-024,007,W,M,HC,male,20.0,happiness,1.0
CFD-WM-024-015-N.jpg,WM-024,015,W,M,N,male,20.0,neutral,0.0
CFD-WM-024-019-F.jpg,WM-024,019,W,M,F,male,22.0,surprise,0.0
CFD-WM-024-003-HO.jpg,WM-024,003,W,M,HO,male,21.0,happiness,1.0
CFD-WM-216-061-N.jpg,WM-216,061,W,M,N,male,30.0,neutral,0.0
CFD-WM-229-129-N.jpg,WM-229,129,W,M,N,male,26.0,neutral,0.0
CFD-BM-245-164-N.jpg,BM-245,164,B,M,N,male,27.0,neutral,0.0
CFD-AM-252-114-N.jpg,AM-252,114,A,M,N,male,21.0,neutral,0.0
CFD-WM-211-054-N.jpg,WM-211,054,W,M,N,male,27.0,neutral,0.0
CFD-WM-023-007-HC.jpg,WM-023,007,W,M,HC,male,44.0,happiness,0.999
CFD-WM-023-015-F.jpg,WM-023,015,W,M,F,male,38.0,surprise,0.0
CFD-WM-023-001-N.jpg,WM-023,001,W,M,N,male,37.0,neutral,0.072
CFD-WM-023-004-HO.jpg,WM-023,004,W,M,HO,male,41.0,happiness,1.0
CFD-WM-023-012-A.jpg,WM-023,012,W,M,A,male,39.0,neutral,0.0
CFD-LF-242-121-N.jpg,LF-242,121,L,F,N,female,19.0,neutral,0.0
CFD-BM-242-233-N.jpg,BM-242,233,B,M,N,male,29.0,neutral,0.0
CFD-WF-236-107-N.jpg,WF-236,107,W,F,N,female,28.0,neutral,0.009
CFD-WF-209-052-N.jpg,WF-209,052,W,F,N,female,25.0,neutral,0.005
CFD-WF-003-025-F.jpg,WF-003,025,W,F,F,female,41.0,happiness,0.987
CFD-WF-003-007-HC.jpg,WF-003,007,W,F,HC,female,36.0,happiness,1.0
CFD-WF-003-003-N.jpg,WF-003,003,W,F,N,female,30.0,neutral,0.0
CFD-WF-003-014-A.jpg,WF-003,014,W,F,A,female,34.0,neutral,0.0
CFD-WF-003-004-HO.jpg,WF-003,004,W,F,HO,female,35.0,happiness,1.0
CFD-WF-231-099-N.jpg,WF-231,099,W,F,N,female,26.0,neutral,0.0
CFD-BF-050-004-HO.jpg,BF-050,004,B,F,HO,female,24.0,happiness,1.0
CFD-BF-050-012-A.jpg,BF-050,012,B,F,A,female,24.0,anger,0.0
CFD-BF-050-003-N.jpg,BF-050,003,B,F,N,female,21.0,neutral,0.001
CFD-BF-050-036-F.jpg,BF-050,036,B,F,F,female,24.0,surprise,0.0
CFD-BF-050-008-HC.jpg,BF-050,008,B,F,HC,female,23.0,happiness,0.979
CFD-WF-035-024-N.jpg,WF-035,024,W,F,N,female,21.0,neutral,0.0
CFD-WF-035-033-A.jpg,WF-035,033,W,F,A,female,23.0,neutral,0.0
CFD-WF-035-027-HO.jpg,WF-035,027,W,F,HO,female,26.0,happiness,1.0
CFD-WF-035-030-HC.jpg,WF-035,030,W,F,HC,female,26.0,happiness,1.0
CFD-WF-035-019-F.jpg,WF-035,019,W,F,F,female,28.0,happiness,0.896
CFD-WF-207-014-N.jpg,WF-207,014,W,F,N,female,24.0,neutral,0.076
CFD-AF-244-168-N.jpg,AF-244,168,A,F,N,female,26.0,neutral,0.041
CFD-WF-238-023-N.jpg,WF-238,023,W,F,N,female,27.0,neutral,0.449
CFD-BF-254-201-N.jpg,BF-254,201,B,F,N,female,37.0,neutral,0.0
CFD-AF-243-170-N.jpg,AF-243,170,A,F,N,female,29.0,neutral,0.071
CFD-WF-200-099-N.jpg,WF-200,099,W,F,N,female,32.0,neutral,0.0
CFD-LM-253-075-N.jpg,LM-253,075,L,M,N,male,28.0,neutral,0.0
CFD-BF-253-202-N.jpg,BF-253,202,B,F,N,female,25.0,neutral,0.001
CFD-BF-035-007-HC.jpg,BF-035,007,B,F,HC,female,16.0,happiness,0.887
CFD-BF-035-023-F.jpg,BF-035,023,B,F,F,female,22.0,surprise,0.16
CFD-BF-035-001-N.jpg,BF-035,001,B,F,N,female,17.0,neutral,0.0
CFD-BF-035-009-A.jpg,BF-035,009,B,F,A,female,18.0,neutral,0.0
CFD-BF-035-027-HO.jpg,BF-035,027,B,F,HO,female,16.0,happiness,1.0
CFD-BF-207-004-N.jpg,BF-207,004,B,F,N,female,19.0,neutral,0.0
CFD-AF-228-173-N.jpg,AF-228,173,A,F,N,female,24.0,neutral,0.0
CFD-LM-238-129-N.jpg,LM-238,129,L,M,N,male,27.0,neutral,0.001
CFD-AF-217-155-N.jpg,AF-217,155,A,F,N,female,18.0,neutral,0.0
CFD-BF-238-190-N.jpg,BF-238,190,B,F,N,female,34.0,neutral,0.0
CFD-LM-207-004-N.jpg,LM-207,004,L,M,N,male,18.0,neutral,0.0
CFD-BF-200-080-N.jpg,BF-200,080,B,F,N,female,23.0,neutral,0.004
CFD-BF-032-043-HO.jpg,BF-032,043,B,F,HO,female,24.0,happiness,1.0
CFD-BF-032-058-F.jpg,BF-032,058,B,F,F,female,36.0,happiness,0.824
CFD-BF-032-017-A.jpg,BF-032,017,B,F,A,female,24.0,neutral,0.0
CFD-BF-032-006-HC.jpg,BF-032,006,B,F,HC,female,22.0,happiness,0.999
CFD-BF-032-038-N.jpg,BF-032,038,B,F,N,female,20.0,neutral,0.0
CFD-LM-200-045-N.jpg,LM-200,045,L,M,N,male,24.0,neutral,0.02
CFD-AF-210-050-N.jpg,AF-210,050,A,F,N,female,21.0,neutral,0.0
CFD-LM-209-111-N.jpg,LM-209,111,L,M,N,male,19.0,neutral,0.075
CFD-BF-236-177-N.jpg,BF-236,177,B,F,N,female,47.0,neutral,0.0
CFD-BF-004-009-HO.jpg,BF-004,009,B,F,HO,female,23.0,happiness,1.0
CFD-BF-004-008-HC.jpg,BF-004,008,B,F,HC,female,22.0,happiness,0.887
CFD-BF-004-002-F.jpg,BF-004,002,B,F,F,female,20.0,surprise,0.0
CFD-BF-004-014-N.jpg,BF-004,014,B,F,N,female,21.0,neutral,0.0
CFD-BF-004-021-A.jpg,BF-004,021,B,F,A,female,24.0,anger,0.0
CFD-AF-219-106-N.jpg,AF-219,106,A,F,N,female,24.0,neutral,0.0
CFD-LM-236-163-N.jpg,LM-236,163,L,M,N,male,41.0,neutral,0.0
CFD-AF-226-251-N.jpg,AF-226,251,A,F,N,female,26.0,neutral,0.0
CFD-BF-209-172-N.jpg,BF-209,172,B,F,N,female,20.0,neutral,0.001
CFD-BF-003-016-A.jpg,BF-003,016,B,F,A,female,26.0,neutral,0.0
CFD-BF-003-003-N.jpg,BF-003,003,B,F,N,female,23.0,neutral,0.0
CFD-BF-003-007-HC.jpg,BF-003,007,B,F,HC,female,30.0,happiness,1.0
CFD-BF-003-004-HO.jpg,BF-003,004,B,F,HO,female,25.0,happiness,1.0
CFD-BF-003-020-F.jpg,BF-003,020,B,F,F,female,26.0,sadness,0.048
CFD-BF-231-202-N.jpg,BF-231,202,B,F,N,female,31.0,neutral,0.0
CFD-AF-221-147-N.jpg,AF-221,147,A,F,N,female,23.0,neutral,0.26
CFD-LM-231-214-N.jpg,LM-231,214,L,M,N,male,27.0,neutral,0.001
CFD-LM-252-076-N.jpg,LM-252,076,L,M,N,male,29.0,neutral,0.0
CFD-AF-242-158-N.jpg,AF-242,158,A,F,N,female,25.0,neutral,0.0
CFD-WF-033-031-A.jpg,WF-033,031,W,F,A,female,38.0,neutral,0.002
CFD-WF-033-002-N.jpg,WF-033,002,W,F,N,female,33.0,neutral,0.001
CFD-WF-033-005-HO.jpg,WF-033,005,W,F,HO,female,38.0,happiness,1.0
CFD-WF-033-035-F.jpg,WF-033,035,W,F,F,female,32.0,surprise,0.0
CFD-WF-033-041-HC.jpg,WF-033,041,W,F,HC,female,39.0,happiness,1.0
CFD-WF-201-156-N.jpg,WF-201,156,W,F,N,female,26.0,neutral,0.0
CFD-BF-252-191-N.jpg,BF-252,191,B,F,N,female,28.0,neutral,0.0
CFD-WF-206-147-N.jpg,WF-206,147,W,F,N,female,26.0,neutral,0.0
CFD-WF-034-016-A.jpg,WF-034,016,W,F,A,female,28.0,anger,0.0
CFD-WF-034-033-HO.jpg,WF-034,033,W,F,HO,female,33.0,happiness,1.0
CFD-WF-034-028-F.jpg,WF-034,028,W,F,F,female,32.0,surprise,0.0
CFD-WF-034-061-HC.jpg,WF-034,061,W,F,HC,female,33.0,happiness,1.0
CFD-WF-034-006-N.jpg,WF-034,006,W,F,N,female,27.0,neutral,0.0
CFD-AF-245-143-N.jpg,AF-245,143,A,F,N,female,30.0,neutral,0.0
CFD-BF-255-140-N.jpg,BF-255,140,B,F,N,female,29.0,neutral,0.0
CFD-WF-239-155-N.jpg,WF-239,155,W,F,N,female,21.0,neutral,0.0
CFD-WF-230-158-N.jpg,WF-230,158,W,F,N,female,20.0,neutral,0.0
CFD-WF-002-025-F.jpg,WF-002,025,W,F,F,female,29.0,happiness,0.55
CFD-WF-002-008-HC.jpg,WF-002,008,W,F,HC,female,26.0,happiness,0.999
CFD-WF-002-033-A.jpg,WF-002,033,W,F,A,female,31.0,happiness,0.722
CFD-WF-002-004-N.jpg,WF-002,004,W,F,N,female,26.0,neutral,0.0
CFD-BF-051-038-HC.jpg,BF-051,038,B,F,HC,female,35.0,happiness,1.0
CFD-BF-051-037-HO.jpg,BF-051,037,B,F,HO,female,35.0,happiness,1.0
CFD-BF-051-035-N.jpg,BF-051,035,B,F,N,female,26.0,neutral,0.0
CFD-BF-051-043-A.jpg,BF-051,043,B,F,A,female,30.0,anger,0.0
CFD-BF-051-029-F.jpg,BF-051,029,B,F,F,female,29.0,surprise,0.0
CFD-WF-005-022-A.jpg,WF-005,022,W,F,A,female,25.0,neutral,0.001
CFD-WF-005-010-N.jpg,WF-005,010,W,F,N,female,23.0,neutral,0.0
CFD-WF-005-027-F.jpg,WF-005,027,W,F,F,female,25.0,surprise,0.007
CFD-WF-005-013-HO.jpg,WF-005,013,W,F,HO,female,27.0,happiness,1.0
CFD-WF-005-016-HC.jpg,WF-005,016,W,F,HC,female,29.0,happiness,1.0
CFD-WF-237-067-N.jpg,WF-237,067,W,F,N,female,34.0,neutral,0.0
CFD-WF-208-068-N.jpg,WF-208,068,W,F,N,female,30.0,neutral,0.0
CFD-BF-230-189-N.jpg,BF-230,189,B,F,N,female,22.0,neutral,0.001
CFD-BF-002-001-N.jpg,BF-002,001,B,F,N,female,26.0,neutral,0.0
CFD-BF-002-004-HO.jpg,BF-002,004,B,F,HO,female,27.0,happiness,1.0
CFD-BF-002-022-F.jpg,BF-002,022,B,F,F,female,26.0,surprise,0.126
CFD-BF-002-006-HC.jpg,BF-002,006,B,F,HC,female,28.0,happiness,1.0
CFD-BF-002-018-A.jpg,BF-002,018,B,F,A,female,23.0,neutral,0.004
CFD-LM-230-202-N.jpg,LM-230,202,L,M,N,male,38.0,neutral,0.0
CFD-AF-220-107-N.jpg,AF-220,107,A,F,N,female,24.0,neutral,0.005
CFD-BF-005-001-N.jpg,BF-005,001,B,F,N,female,25.0,neutral,0.0
CFD-BF-005-005-HO.jpg,BF-005,005,B,F,HO,female,31.0,happiness,1.0
CFD-BF-005-010-HC.jpg,BF-005,010,B,F,HC,female,27.0,neutral,0.016
CFD-BF-005-022-F.jpg,BF-005,022,B,F,F,female,29.0,surprise,0.0
CFD-BF-005-020-A.jpg,BF-005,020,B,F,A,female,27.0,anger,0.0
CFD-BF-237-172-N.jpg,BF-237,172,B,F,N,female,31.0,neutral,0.001
CFD-AF-218-157-N.jpg,AF-218,157,A,F,N,female,24.0,neutral,0.0
CFD-LM-208-110-N.jpg,LM-208,110,L,M,N,male,25.0,neutral,0.0
CFD-AF-227-207-N.jpg,AF-227,207,A,F,N,female,28.0,neutral,0.0
CFD-BF-208-266-N.jpg,BF-208,266,B,F,N,female,19.0,neutral,0.0
CFD-LM-237-264-N.jpg,LM-237,264,L,M,N,male,52.0,neutral,0.0
CFD-BF-033-031-HO.jpg,BF-033,031,B,F,HO,female,27.0,happiness,1.0
CFD-BF-033-028-N.jpg,BF-033,028,B,F,N,female,25.0,neutral,0.0
CFD-BF-033-016-A.jpg,BF-033,016,B,F,A,female,26.0,neutral,0.0
CFD-BF-033-033-HC.jpg,BF-033,033,B,F,HC,female,31.0,happiness,0.998
CFD-BF-033-054-F.jpg,BF-033,054,B,F,F,female,33.0,sadness,0.003
CFD-BF-201-080-N.jpg,BF-201,080,B,F,N,female,23.0,neutral,0.0
CFD-WF-252-159-N.jpg,WF-252,159,W,F,N,female,28.0,neutral,0.001
CFD-AF-211-066-N.jpg,AF-211,066,A,F,N,female,19.0,neutral,0.0
CFD-LM-201-057-N.jpg,LM-201,057,L,M,N,male,30.0,neutral,0.008
CFD-LM-239-075-N.jpg,LM-239,075,L,M,N,male,30.0,neutral,0.003
CFD-BF-206-143-N.jpg,BF-206,143,B,F,N,female,19.0,neutral,0.011
CFD-BF-034-044-F.jpg,BF-034,044,B,F,F,female,28.0,neutral,0.001
CFD-BF-034-005-HO.jpg,BF-034,005,B,F,HO,female,25.0,happiness,1.0
CFD-BF-034-002-N.jpg,BF-034,002,B,F,N,female,21.0,neutral,0.0
CFD-BF-034-031-HC.jpg,BF-034,031,B,F,HC,female,28.0,happiness,0.991
CFD-BF-034-035-A.jpg,BF-034,035,B,F,A,female,21.0,anger,0.0
CFD-AF-229-160-N.jpg,AF-229,160,A,F,N,female,24.0,neutral,0.0
CFD-LM-206-204-N.jpg,LM-206,204,L,M,N,male,24.0,neutral,0.0
CFD-AF-216-106-N.jpg,AF-216,106,A,F,N,female,24.0,neutral,0.0
CFD-BF-239-180-N.jpg,BF-239,180,B,F,N,female,26.0,neutral,0.0
CFD-LM-224-162-N.jpg,LM-224,162,L,M,N,male,29.0,neutral,0.0
CFD-BF-029-049-F.jpg,BF-029,049,B,F,F,female,26.0,surprise,0.0
CFD-BF-029-046-A.jpg,BF-029,046,B,F,A,female,30.0,anger,0.0
CFD-BF-029-038-HC.jpg,BF-029,038,B,F,HC,female,25.0,happiness,1.0
CFD-BF-029-031-N.jpg,BF-029,031,B,F,N,female,23.0,neutral,0.0
CFD-BF-029-005-HO.jpg,BF-029,005,B,F,HO,female,24.0,happiness,1.0
CFD-AF-234-208-N.jpg,AF-234,208,A,F,N,female,19.0,neutral,0.0
CFD-WF-248-129-N.jpg,WF-248,129,W,F,N,female,33.0,neutral,0.001
CFD-BF-016-019-HC.jpg,BF-016,019,B,F,HC,female,34.0,happiness,1.0
CFD-BF-016-018-HO.jpg,BF-016,018,B,F,HO,female,35.0,happiness,1.0
CFD-BF-016-020-A.jpg,BF-016,020,B,F,A,female,35.0,neutral,0.001
CFD-BF-016-017-N.jpg,BF-016,017,B,F,N,female,34.0,neutral,0.0
CFD-BF-016-021-F.jpg,BF-016,021,B,F,F,female,32.0,surprise,0.0
CFD-BF-224-002-N.jpg,BF-224,002,B,F,N,female,33.0,neutral,0.002
CFD-AF-233-190-N.jpg,AF-233,190,A,F,N,female,20.0,neutral,0.0
CFD-LM-223-175-N.jpg,LM-223,175,L,M,N,male,24.0,neutral,0.0
CFD-BF-223-250-N.jpg,BF-223,250,B,F,N,female,23.0,neutral,0.0
CFD-BF-011-011-A.jpg,BF-011,011,B,F,A,female,23.0,neutral,0.001
CFD-BF-011-002-N.jpg,BF-011,002,B,F,N,female,23.0,neutral,0.0
CFD-BF-011-004-HO.jpg,BF-011,004,B,F,HO,female,23.0,happiness,1.0
CFD-BF-011-005-HC.jpg,BF-011,005,B,F,HC,female,20.0,happiness,1.0
CFD-BF-011-021-F.jpg,BF-011,021,B,F,F,female,22.0,surprise,0.0
CFD-WF-246-087-N.jpg,WF-246,087,W,F,N,female,39.0,neutral,0.001
CFD-BF-018-040-HO.jpg,BF-018,040,B,F,HO,female,22.0,happiness,1.0
CFD-BF-018-044-F.jpg,BF-018,044,B,F,F,female,35.0,happiness,0.492
CFD-BF-018-019-A.jpg,BF-018,019,B,F,A,female,26.0,anger,0.0
CFD-BF-018-041-HC.jpg,BF-018,041,B,F,HC,female,24.0,happiness,0.996
CFD-BF-018-039-N.jpg,BF-018,039,B,F,N,female,24.0,neutral,0.0
CFD-AF-205-155-N.jpg,AF-205,155,A,F,N,female,26.0,neutral,0.0
CFD-LM-215-247-N.jpg,LM-215,247,L,M,N,male,41.0,neutral,0.0
CFD-BF-215-177-N.jpg,BF-215,177,B,F,N,female,26.0,surprise,0.0
CFD-BF-027-013-HC.jpg,BF-027,013,B,F,HC,female,35.0,happiness,1.0
CFD-BF-027-016-F.jpg,BF-027,016,B,F,F,female,36.0,surprise,0.0
CFD-BF-027-006-HO.jpg,BF-027,006,B,F,HO,female,37.0,happiness,1.0
CFD-BF-027-008-A.jpg,BF-027,008,B,F,A,female,35.0,neutral,0.002
CFD-BF-027-002-N.jpg,BF-027,002,B,F,N,female,36.0,neutral,0.0
CFD-LM-212-143-N.jpg,LM-212,143,L,M,N,male,23.0,neutral,0.0
CFD-AF-202-122-N.jpg,AF-202,122,A,F,N,female,22.0,neutral,0.0
CFD-WF-241-210-N.jpg,WF-241,210,W,F,N,female,36.0,neutral,0.0
CFD-BF-020-016-HC.jpg,BF-020,016,B,F,HC,female,40.0,happiness,1.0
CFD-BF-020-020-F.jpg,BF-020,020,B,F,F,female,39.0,happiness,0.874
CFD-BF-020-002-N.jpg,BF-020,002,B,F,N,female,27.0,neutral,0.305
CFD-BF-020-017-A.jpg,BF-020,017,B,F,A,female,34.0,neutral,0.037
CFD-BF-020-004-HO.jpg,BF-020,004,B,F,HO,female,40.0,happiness,1.0
CFD-BF-212-315-N.jpg,BF-212,315,B,F,N,female,27.0,neutral,0.044
CFD-BF-246-170-N.jpg,BF-246,170,B,F,N,female,34.0,neutral,0.001
CFD-WF-018-012-A.jpg,WF-018,012,W,F,A,female,33.0,neutral,0.0
CFD-WF-018-013-F.jpg,WF-018,013,W,F,F,female,41.0,happiness,0.992
CFD-WF-018-018-HO.jpg,WF-018,018,W,F,HO,female,39.0,happiness,1.0
CFD-WF-018-017-N.jpg,WF-018,017,W,F,N,female,34.0,neutral,0.0
CFD-WF-018-019-HC.jpg,WF-018,019,W,F,HC,female,40.0,happiness,0.998
CFD-LM-246-087-N.jpg,LM-246,087,L,M,N,male,24.0,neutral,0.0
CFD-AF-256-160-N.jpg,AF-256,160,A,F,N,female,24.0,neutral,0.0
CFD-WF-215-145-N.jpg,WF-215,145,W,F,N,female,27.0,neutral,0.002
CFD-WF-027-015-F.jpg,WF-027,015,W,F,F,female,23.0,anger,0.006
CFD-WF-027-021-HO.jpg,WF-027,021,W,F,HO,female,22.0,happiness,1.0
CFD-WF-027-014-A.jpg,WF-027,014,W,F,A,female,20.0,neutral,0.001
CFD-WF-027-003-N.jpg,WF-027,003,W,F,N,female,20.0,neutral,0.0
CFD-WF-027-007-HC.jpg,WF-027,007,W,F,HC,female,22.0,happiness,1.0
CFD-BF-241-222-N.jpg,BF-241,222,B,F,N,female,22.0,neutral,0.0
CFD-WF-020-012-A.jpg,WF-020,012,W,F,A,female,27.0,anger,0.0
CFD-WF-020-002-N.jpg,WF-020,002,W,F,N,female,26.0,neutral,0.0
CFD-WF-020-023-HO.jpg,WF-020,023,W,F,HO,female,29.0,happiness,1.0
CFD-WF-020-007-HC.jpg,WF-020,007,W,F,HC,female,30.0,happiness,1.0
CFD-WF-020-027-F.jpg,WF-020,027,W,F,F,female,28.0,sadness,0.0
CFD-WF-212-050-N.jpg,WF-212,050,W,F,N,female,22.0,neutral,0.007
CFD-AF-251-093-N.jpg,AF-251,093,A,F,N,female,19.0,neutral,0.0
CFD-LM-241-125-N.jpg,LM-241,125,L,M,N,male,23.0,neutral,0.0
CFD-BF-045-062-HO.jpg,BF-045,062,B,F,HO,female,21.0,happiness,1.0
CFD-BF-045-051-F.jpg,BF-045,051,B,F,F,female,25.0,fear,0.0
CFD-BF-045-068-A.jpg,BF-045,068,B,F,A,female,17.0,neutral,0.0
CFD-BF-045-064-HC.jpg,BF-045,064,B,F,HC,female,19.0,happiness,0.999
CFD-BF-045-003-N.jpg,BF-045,003,B,F,N,female,18.0,neutral,0.0
CFD-WF-029-026-A.jpg,WF-029,026,W,F,A,female,23.0,anger,0.0
CFD-WF-029-023-HC.jpg,WF-029,023,W,F,HC,female,26.0,happiness,1.0
CFD-WF-029-018-F.jpg,WF-029,018,W,F,F,female,27.0,sadness,0.0
CFD-WF-029-021-HO.jpg,WF-029,021,W,F,HO,female,30.0,happiness,1.0
CFD-WF-029-002-N.jpg,WF-029,002,W,F,N,female,24.0,neutral,0.001
CFD-LM-248-089-N.jpg,LM-248,089,L,M,N,male,27.0,neutral,0.0
CFD-BF-248-149-N.jpg,BF-248,149,B,F,N,female,35.0,neutral,0.237
CFD-WF-016-021-A.jpg,WF-016,021,W,F,A,female,25.0,anger,0.0
CFD-WF-016-017-HC.jpg,WF-016,017,W,F,HC,female,24.0,happiness,1.0
CFD-WF-016-024-F.jpg,WF-016,024,W,F,F,female,28.0,sadness,0.0
CFD-WF-016-015-N.jpg,WF-016,015,W,F,N,female,23.0,neutral,0.0
CFD-WF-016-003-HO.jpg,WF-016,003,W,F,HO,female,24.0,happiness,1.0
CFD-WF-224-099-N.jpg,WF-224,099,W,F,N,female,31.0,neutral,0.0
CFD-BF-042-036-F.jpg,BF-042,036,B,F,F,female,18.0,surprise,0.0
CFD-BF-042-028-HO.jpg,BF-042,028,B,F,HO,female,23.0,happiness,1.0
CFD-BF-042-031-HC.jpg,BF-042,031,B,F,HC,female,21.0,happiness,0.943
CFD-BF-042-034-A.jpg,BF-042,034,B,F,A,female,18.0,anger,0.0
CFD-BF-042-026-N.jpg,BF-042,026,B,F,N,female,19.0,neutral,0.0
CFD-WF-223-133-N.jpg,WF-223,133,W,F,N,female,22.0,neutral,0.0
CFD-WF-011-016-F.jpg,WF-011,016,W,F,F,female,23.0,surprise,0.0
CFD-WF-011-011-A.jpg,WF-011,011,W,F,A,female,20.0,anger,0.0
CFD-WF-011-003-HO.jpg,WF-011,003,W,F,HO,female,23.0,happiness,1.0
CFD-WF-011-006-HC.jpg,WF-011,006,W,F,HC,female,23.0,happiness,1.0
CFD-WF-011-002-N.jpg,WF-011,002,W,F,N,female,20.0,neutral,0.0
CFD-AF-203-077-N.jpg,AF-203,077,A,F,N,female,19.0,neutral,0.0
CFD-WF-240-083-N.jpg,WF-240,083,W,F,N,female,36.0,neutral,0.0
CFD-LM-213-061-N.jpg,LM-213,061,L,M,N,male,25.0,neutral,0.001
CFD-BF-213-188-N.jpg,BF-213,188,B,F,N,female,30.0,neutral,0.0
CFD-BF-021-013-N.jpg,BF-021,013,B,F,N,female,17.0,neutral,0.0
CFD-BF-021-015-HC.jpg,BF-021,015,B,F,HC,female,17.0,happiness,0.996
CFD-BF-021-014-HO.jpg,BF-021,014,B,F,HO,female,19.0,happiness,1.0
CFD-BF-021-016-A.jpg,BF-021,016,B,F,A,female,17.0,anger,0.0
CFD-BF-021-012-F.jpg,BF-021,012,B,F,F,female,21.0,surprise,0.0
CFD-LM-214-165-N.jpg,LM-214,165,L,M,N,male,23.0,neutral,0.0
CFD-WF-247-065-N.jpg,WF-247,065,W,F,N,female,23.0,neutral,0.0
CFD-BF-019-022-HO.jpg,BF-019,022,B,F,HO,female,31.0,happiness,1.0
CFD-BF-019-023-A.jpg,BF-019,023,B,F,A,female,37.0,neutral,0.003
CFD-BF-019-025-F.jpg,BF-019,025,B,F,F,female,30.0,fear,0.0
CFD-BF-019-001-N.jpg,BF-019,001,B,F,N,female,29.0,neutral,0.001
CFD-BF-019-004-HC.jpg,BF-019,004,B,F,HC,female,27.0,happiness,0.974
CFD-AF-204-067-N.jpg,AF-204,067,A,F,N,female,28.0,neutral,0.0
CFD-BF-214-308-N.jpg,BF-214,308,B,F,N,female,28.0,neutral,0.0
CFD-LM-222-239-N.jpg,LM-222,239,L,M,N,male,37.0,neutral,0.004
CFD-AF-232-078-N.jpg,AF-232,078,A,F,N,female,26.0,neutral,0.105
CFD-BF-010-001-N.jpg,BF-010,001,B,F,N,female,27.0,neutral,0.001
CFD-BF-010-015-F.jpg,BF-010,015,B,F,F,female,25.0,surprise,0.0
CFD-BF-010-003-HO.jpg,BF-010,003,B,F,HO,female,25.0,happiness,1.0
CFD-BF-010-019-A.jpg,BF-010,019,B,F,A,female,27.0,neutral,0.001
CFD-BF-010-005-HC.jpg,BF-010,005,B,F,HC,female,23.0,happiness,0.995
CFD-BF-222-240-N.jpg,BF-222,240,B,F,N,female,20.0,neutral,0.0
CFD-BF-028-029-F.jpg,BF-028,029,B,F,F,female,25.0,happiness,0.689
CFD-BF-028-020-HC.jpg,BF-028,020,B,F,HC,female,29.0,happiness,0.981
CFD-BF-028-001-N.jpg,BF-028,001,B,F,N,female,23.0,neutral,0.007
CFD-BF-028-006-HO.jpg,BF-028,006,B,F,HO,female,26.0,happiness,1.0
CFD-BF-028-021-A.jpg,BF-028,021,B,F,A,female,25.0,neutral,0.001
CFD-AF-235-170-N.jpg,AF-235,170,A,F,N,female,25.0,neutral,0.001
CFD-LM-225-130-N.jpg,LM-225,130,L,M,N,male,20.0,neutral,0.032
CFD-BF-225-192-N.jpg,BF-225,192,B,F,N,female,39.0,neutral,0.022
CFD-WF-249-126-N.jpg,WF-249,126,W,F,N,female,27.0,neutral,0.0
CFD-BF-017-011-A.jpg,BF-017,011,B,F,A,female,40.0,neutral,0.279
CFD-BF-017-003-N.jpg,BF-017,003,B,F,N,female,31.0,neutral,0.012
CFD-BF-017-016-F.jpg,BF-017,016,B,F,F,female,38.0,happiness,0.668
CFD-BF-017-007-HC.jpg,BF-017,007,B,F,HC,female,36.0,happiness,0.995
CFD-BF-017-004-HO.jpg,BF-017,004,B,F,HO,female,30.0,happiness,1.0
CFD-BF-043-038-A.jpg,BF-043,038,B,F,A,female,19.0,sadness,0.005
CFD-BF-043-004-HO.jpg,BF-043,004,B,F,HO,female,19.0,happiness,1.0
CFD-BF-043-015-F.jpg,BF-043,015,B,F,F,female,20.0,happiness,0.975
CFD-BF-043-003-N.jpg,BF-043,003,B,F,N,female,19.0,neutral,0.0
CFD-BF-043-010-HC.jpg,BF-043,010,B,F,HC,female,19.0,happiness,0.999
CFD-WF-010-008-HC.jpg,WF-010,008,W,F,HC,female,21.0,happiness,0.806
CFD-WF-010-004-N.jpg,WF-010,004,W,F,N,female,23.0,neutral,0.0
CFD-WF-010-013-F.jpg,WF-010,013,W,F,F,female,24.0,happiness,0.823
CFD-WF-010-006-HO.jpg,WF-010,006,W,F,HO,female,21.0,happiness,1.0
CFD-WF-010-014-A.jpg,WF-010,014,W,F,A,female,22.0,neutral,0.0
CFD-WF-222-092-N.jpg,WF-222,092,W,F,N,female,37.0,neutral,0.0
CFD-LM-249-001-N.jpg,LM-249,001,L,M,N,male,19.0,neutral,0.0
CFD-WF-028-026-A.jpg,WF-028,026,W,F,A,female,33.0,anger,0.0
CFD-WF-028-019-F.jpg,WF-028,019,W,F,F,female,36.0,happiness,0.666
CFD-WF-028-024-HO.jpg,WF-028,024,W,F,HO,female,39.0,happiness,1.0
CFD-WF-028-023-N.jpg,WF-028,023,W,F,N,female,36.0,neutral,0.0
CFD-WF-028-025-HC.jpg,WF-028,025,W,F,HC,female,38.0,happiness,1.0
CFD-BF-044-011-HC.jpg,BF-044,011,B,F,HC,male,28.0,happiness,1.0
CFD-BF-044-044-A.jpg,BF-044,044,B,F,A,female,21.0,neutral,0.0
CFD-BF-044-034-N.jpg,BF-044,034,B,F,N,male,19.0,neutral,0.0
CFD-BF-044-007-HO.jpg,BF-044,007,B,F,HO,female,28.0,happiness,1.0
CFD-BF-044-049-F.jpg,BF-044,049,B,F,F,female,24.0,surprise,0.0
CFD-WF-225-101-N.jpg,WF-225,101,W,F,N,female,30.0,neutral,0.0
CFD-BF-249-091-N.jpg,BF-249,091,B,F,N,female,25.0,neutral,0.0
CFD-WF-017-016-HC.jpg,WF-017,016,W,F,HC,female,23.0,happiness,1.0
CFD-WF-017-023-A.jpg,WF-017,023,W,F,A,female,21.0,neutral,0.007
CFD-WF-017-015-HO.jpg,WF-017,015,W,F,HO,female,24.0,happiness,1.0
CFD-WF-017-012-F.jpg,WF-017,012,W,F,F,female,20.0,happiness,0.5
CFD-WF-017-003-N.jpg,WF-017,003,W,F,N,female,23.0,neutral,0.002
CFD-BF-240-179-N.jpg,BF-240,179,B,F,N,female,24.0,neutral,0.0
CFD-LM-240-013-N.jpg,LM-240,013,L,M,N,male,34.0,neutral,0.0
CFD-WF-213-031-N.jpg,WF-213,031,W,F,N,female,23.0,neutral,0.003
CFD-WF-021-013-F.jpg,WF-021,013,W,F,F,female,35.0,fear,0.0
CFD-WF-021-002-N.jpg,WF-021,002,W,F,N,female,29.0,neutral,0.0
CFD-WF-021-016-HO.jpg,WF-021,016,W,F,HO,female,33.0,happiness,1.0
CFD-WF-021-006-HC.jpg,WF-021,006,W,F,HC,female,31.0,happiness,0.999
CFD-WF-021-018-A.jpg,WF-021,018,W,F,A,female,31.0,disgust,0.0
CFD-AF-250-200-N.jpg,AF-250,200,A,F,N,female,23.0,neutral,0.001
CFD-BF-247-179-N.jpg,BF-247,179,B,F,N,female,22.0,neutral,0.0
CFD-WF-019-015-A.jpg,WF-019,015,W,F,A,female,31.0,anger,0.0
CFD-WF-019-005-N.jpg,WF-019,005,W,F,N,female,31.0,neutral,0.0
CFD-WF-019-024-F.jpg,WF-019,024,W,F,F,female,32.0,neutral,0.018
CFD-WF-019-035-HO.jpg,WF-019,035,W,F,HO,female,34.0,happiness,1.0
CFD-WF-019-032-HC.jpg,WF-019,032,W,F,HC,female,31.0,happiness,1.0
CFD-WF-026-008-A.jpg,WF-026,008,W,F,A,female,32.0,neutral,0.0
CFD-WF-026-002-N.jpg,WF-026,002,W,F,N,female,35.0,neutral,0.0
CFD-WF-026-024-F.jpg,WF-026,024,W,F,F,female,40.0,sadness,0.336
CFD-WF-026-017-HO.jpg,WF-026,017,W,F,HO,female,39.0,happiness,1.0
CFD-WF-026-018-HC.jpg,WF-026,018,W,F,HC,female,38.0,happiness,0.999
CFD-WF-214-122-N.jpg,WF-214,122,W,F,N,female,24.0,neutral,0.0
CFD-LM-247-095-N.jpg,LM-247,095,L,M,N,male,26.0,neutral,0.0
CFD-WM-001-011-HO.jpg,WM-001,011,W,M,HO,male,22.0,happiness,0.993
CFD-WM-001-014-N.jpg,WM-001,014,W,M,N,male,22.0,neutral,0.0
CFD-WM-001-007-HC.jpg,WM-001,007,W,M,HC,male,21.0,happiness,0.799
CFD-WM-233-106-N.jpg,WM-233,106,W,M,N,male,30.0,neutral,0.001
CFD-WM-039-004-HC.jpg,WM-039,004,W,M,HC,male,20.0,neutral,0.006
CFD-WM-039-008-HO.jpg,WM-039,008,W,M,HO,male,25.0,happiness,1.0
CFD-WM-039-018-N.jpg,WM-039,018,W,M,N,male,22.0,neutral,0.0
CFD-WM-039-010-A.jpg,WM-039,010,W,M,A,male,19.0,neutral,0.0
CFD-WM-039-028-F.jpg,WM-039,028,W,M,F,male,29.0,happiness,0.992
CFD-AM-248-104-N.jpg,AM-248,104,A,M,N,male,31.0,neutral,0.0
CFD-WM-234-118-N.jpg,WM-234,118,W,M,N,male,26.0,neutral,0.0
CFD-WM-006-039-F.jpg,WM-006,039,W,M,F,male,31.0,surprise,0.0
CFD-WM-006-022-A.jpg,WM-006,022,W,M,A,male,30.0,neutral,0.0
CFD-WM-006-013-HC.jpg,WM-006,013,W,M,HC,male,32.0,happiness,1.0
CFD-WM-006-002-N.jpg,WM-006,002,W,M,N,male,28.0,neutral,0.001
CFD-WM-006-010-HO.jpg,WM-006,010,W,M,HO,male,33.0,happiness,1.0
CFD-BM-251-013-N.jpg,BM-251,013,B,M,N,male,28.0,neutral,0.003
CFD-LF-251-057-N.jpg,LF-251,057,L,F,N,female,24.0,neutral,0.003
CFD-WM-202-107-N.jpg,WM-202,107,W,M,N,male,22.0,neutral,0.0
CFD-AM-241-287-N.jpg,AM-241,287,A,M,N,male,34.0,neutral,0.003
CFD-AM-246-184-N.jpg,AM-246,184,A,M,N,male,24.0,neutral,0.0
CFD-WM-037-033-HC.jpg,WM-037,033,W,M,HC,male,19.0,happiness,0.961
CFD-WM-037-034-HO.jpg,WM-037,034,W,M,HO,male,19.0,happiness,1.0
CFD-WM-037-025-N.jpg,WM-037,025,W,M,N,male,19.0,neutral,0.0
CFD-WM-037-060-A.jpg,WM-037,060,W,M,A,male,18.0,anger,0.0
CFD-WM-037-063-F.jpg,WM-037,063,W,M,F,male,20.0,surprise,0.0
CFD-WM-205-007-N.jpg,WM-205,007,W,M,N,male,28.0,neutral,0.0
CFD-AM-212-050-N.jpg,AM-212,050,A,M,N,male,25.0,neutral,0.0
CFD-WM-251-002-N.jpg,WM-251,002,W,M,N,male,29.0,neutral,0.017
CFD-LF-202-065-N.jpg,LF-202,065,L,F,N,female,31.0,neutral,0.0
CFD-BM-202-063-N.jpg,BM-202,063,B,M,N,male,23.0,neutral,0.0
CFD-BM-030-004-HO.jpg,BM-030,004,B,M,HO,male,25.0,happiness,1.0
CFD-BM-030-065-F.jpg,BM-030,065,B,M,F,male,28.0,surprise,0.304
CFD-BM-030-041-A.jpg,BM-030,041,B,M,A,male,24.0,anger,0.0
CFD-BM-030-003-N.jpg,BM-030,003,B,M,N,male,23.0,neutral,0.0
CFD-BM-030-008-HC.jpg,BM-030,008,B,M,HC,male,24.0,happiness,0.995
CFD-LF-205-100-N.jpg,LF-205,100,L,F,N,female,29.0,neutral,0.0
CFD-WM-256-138-N.jpg,WM-256,138,W,M,N,male,27.0,neutral,0.0
CFD-AM-215-120-N.jpg,AM-215,120,A,M,N,male,44.0,neutral,0.003
CFD-BM-037-036-HO.jpg,BM-037,036,B,M,HO,male,21.0,happiness,1.0
CFD-BM-037-041-A.jpg,BM-037,041,B,M,A,male,24.0,neutral,0.0
CFD-BM-037-033-N.jpg,BM-037,033,B,M,N,male,22.0,neutral,0.0
CFD-BM-037-088-F.jpg,BM-037,088,B,M,F,male,27.0,fear,0.0
CFD-BM-037-038-HC.jpg,BM-037,038,B,M,HC,male,22.0,happiness,0.995
CFD-BM-205-001-N.jpg,BM-205,001,B,M,N,male,25.0,neutral,0.022
CFD-LF-233-277-N.jpg,LF-233,277,L,F,N,female,46.0,neutral,0.004
CFD-AM-223-138-N.jpg,AM-223,138,A,M,N,male,19.0,neutral,0.0
CFD-BM-001-011-HO.jpg,BM-001,011,B,M,HO,male,29.0,happiness,0.981
CFD-BM-001-014-N.jpg,BM-001,014,B,M,N,male,26.0,neutral,0.0
CFD-BM-001-007-F.jpg,BM-001,007,B,M,F,male,25.0,surprise,0.0
CFD-BM-001-022-A.jpg,BM-001,022,B,M,A,male,28.0,anger,0.0
CFD-BM-233-285-N.jpg,BM-233,285,B,M,N,male,34.0,neutral,0.002
CFD-BM-039-037-A.jpg,BM-039,037,B,M,A,male,20.0,neutral,0.001
CFD-BM-039-044-F.jpg,BM-039,044,B,M,F,male,25.0,surprise,0.424
CFD-BM-039-029-N.jpg,BM-039,029,B,M,N,male,23.0,neutral,0.0
CFD-BM-039-031-HC.jpg,BM-039,031,B,M,HC,male,25.0,happiness,0.993
CFD-BM-039-034-HO.jpg,BM-039,034,B,M,HO,male,25.0,happiness,1.0
CFD-AM-224-126-N.jpg,AM-224,126,A,M,N,male,26.0,neutral,0.0
CFD-LF-234-139-N.jpg,LF-234,139,L,F,N,female,25.0,neutral,0.0
CFD-BM-234-172-N.jpg,BM-234,172,B,M,N,male,31.0,neutral,0.007
CFD-WM-258-125-N.jpg,WM-258,125,W,M,N,male,35.0,neutral,0.0
CFD-WM-009-002-N.jpg,WM-009,002,W,M,N,male,25.0,neutral,0.0
CFD-WM-009-006-HC.jpg,WM-009,006,W,M,HC,male,24.0,happiness,1.0
CFD-WM-009-009-A.jpg,WM-009,009,W,M,A,male,24.0,neutral,0.0
CFD-WM-009-014-F.jpg,WM-009,014,W,M,F,male,25.0,surprise,0.0
CFD-WM-009-004-HO.jpg,WM-009,004,W,M,HO,male,24.0,happiness,1.0
CFD-AM-247-165-N.jpg,AM-247,165,A,M,N,male,33.0,neutral,0.0
CFD-WM-204-031-N.jpg,WM-204,031,W,M,N,male,30.0,neutral,0.0
CFD-WM-036-034-HO.jpg,WM-036,034,W,M,HO,male,24.0,happiness,1.0
CFD-WM-036-047-F.jpg,WM-036,047,W,M,F,male,30.0,fear,0.0
CFD-WM-036-031-N.jpg,WM-036,031,W,M,N,male,23.0,neutral,0.0
CFD-WM-036-037-HC.jpg,WM-036,037,W,M,HC,male,25.0,neutral,0.152
CFD-WM-036-018-A.jpg,WM-036,018,W,M,A,male,24.0,neutral,0.0
CFD-BM-250-170-N.jpg,BM-250,170,B,M,N,male,32.0,neutral,0.0
CFD-WM-031-038-HC.jpg,WM-031,038,W,M,HC,male,22.0,happiness,0.999
CFD-WM-031-032-F.jpg,WM-031,032,W,M,F,male,28.0,surprise,0.0
CFD-WM-031-003-N.jpg,WM-031,003,W,M,N,male,21.0,neutral,0.0
CFD-WM-031-004-HO.jpg,WM-031,004,W,M,HO,male,23.0,happiness,1.0
CFD-WM-031-045-A.jpg,WM-031,045,W,M,A,male,23.0,anger,0.003
CFD-WM-203-023-N.jpg,WM-203,023,W,M,N,male,29.0,neutral,0.0
CFD-AM-240-191-N.jpg,AM-240,191,A,M,N,male,29.0,neutral,0.004
CFD-LF-250-169-N.jpg,LF-250,169,L,F,N,female,25.0,neutral,0.0
CFD-WM-038-018-F.jpg,WM-038,018,W,M,F,male,25.0,surprise,0.0
CFD-WM-038-007-HC.jpg,WM-038,007,W,M,HC,male,26.0,happiness,1.0
CFD-WM-038-011-A.jpg,WM-038,011,W,M,A,male,26.0,anger,0.0
CFD-WM-038-005-HO.jpg,WM-038,005,W,M,HO,male,27.0,happiness,1.0
CFD-WM-038-003-N.jpg,WM-038,003,W,M,N,male,24.0,neutral,0.0
CFD-AM-249-163-N.jpg,AM-249,163,A,M,N,male,20.0,neutral,0.0
CFD-WM-235-147-N.jpg,WM-235,147,W,M,N,male,23.0,neutral,0.0
CFD-WM-232-070-N.jpg,WM-232,070,W,M,N,male,25.0,neutral,0.0
CFD-LF-235-219-N.jpg,LF-235,219,L,F,N,female,23.0,neutral,0.0
CFD-BM-038-001-N.jpg,BM-038,001,B,M,N,male,31.0,neutral,0.0
CFD-BM-038-017-F.jpg,BM-038,017,B,M,F,male,36.0,fear,0.0
CFD-BM-038-007-HO.jpg,BM-038,007,B,M,HO,male,33.0,happiness,1.0
CFD-BM-038-038-A.jpg,BM-038,038,B,M,A,male,30.0,neutral,0.0
CFD-BM-038-004-HC.jpg,BM-038,004,B,M,HC,male,34.0,happiness,1.0
CFD-AM-225-102-N.jpg,AM-225,102,A,M,N,male,20.0,neutral,0.0
CFD-BM-235-226-N.jpg,BM-235,226,B,M,N,male,24.0,neutral,0.0
CFD-LF-232-199-N.jpg,LF-232,199,L,F,N,female,21.0,neutral,0.042
CFD-BM-232-213-N.jpg,BM-232,213,B,M,N,male,24.0,neutral,0.0
CFD-BM-009-006-HC.jpg,BM-009,006,B,M,HC,male,19.0,happiness,0.643
CFD-BM-009-003-HO.jpg,BM-009,003,B,M,HO,male,18.0,happiness,1.0
CFD-BM-009-009-F.jpg,BM-009,009,B,M,F,male,19.0,surprise,0.028
CFD-BM-009-008-A.jpg,BM-009,008,B,M,A,male,18.0,contempt,0.0
CFD-BM-009-002-N.jpg,BM-009,002,B,M,N,male,18.0,neutral,0.0
CFD-WM-257-161-N.jpg,WM-257,161,W,M,N,male,29.0,neutral,0.0
CFD-AM-214-168-N.jpg,AM-214,168,A,M,N,male,25.0,neutral,0.0
CFD-LF-204-133-N.jpg,LF-204,133,L,F,N,female,29.0,neutral,0.0
CFD-BM-204-003-N.jpg,BM-204,003,B,M,N,male,25.0,neutral,0.0
CFD-BM-036-045-F.jpg,BM-036,045,B,M,F,male,24.0,surprise,0.0
CFD-BM-036-007-HC.jpg,BM-036,007,B,M,HC,male,24.0,happiness,1.0
CFD-BM-036-037-A.jpg,BM-036,037,B,M,A,male,23.0,neutral,0.0
CFD-BM-036-003-N.jpg,BM-036,003,B,M,N,male,22.0,neutral,0.0
CFD-BM-036-004-HO.jpg,BM-036,004,B,M,HO,male,24.0,happiness,1.0
CFD-LF-203-066-N.jpg,LF-203,066,L,F,N,female,21.0,neutral,0.001
CFD-AM-213-056-N.jpg,AM-213,056,A,M,N,male,24.0,neutral,0.0
CFD-WM-250-157-N.jpg,WM-250,157,W,M,N,male,20.0,neutral,0.0
CFD-BM-031-004-HO.jpg,BM-031,004,B,M,HO,male,26.0,happiness,1.0
CFD-BM-031-030-A.jpg,BM-031,030,B,M,A,male,23.0,neutral,0.0
CFD-BM-031-003-N.jpg,BM-031,003,B,M,N,male,25.0,neutral,0.0
CFD-BM-031-034-F.jpg,BM-031,034,B,M,F,male,24.0,surprise,0.0
CFD-BM-031-009-HC.jpg,BM-031,009,B,M,HC,male,24.0,happiness,1.0
CFD-BM-203-001-N.jpg,BM-203,001,B,M,N,male,26.0,neutral,0.0
