ID,Gender,Ethnicity,Age,URL
5dd09c1cdef8b400084dbeee,male,white,infant,https://images.generated.photos/6fmZ07UXh9qfB9rhci3BAIT-IbUqNHkScacOiLlBGwY/rs:fit:512:512/Z3M6Ly9nZW5lcmF0/ZWQtcGhvdG9zLzA5/ODM3OTUuanBn.jpg
5dd09c17def8b400084dbeb4,male,white,infant,https://images.generated.photos/leempnkLRrt7DYiauZxWPsJyeYoCDcYZxeim2JMz_EQ/rs:fit:512:512/Z3M6Ly9nZW5lcmF0/ZWQtcGhvdG9zLzA5/ODMyMzkuanBn.jpg
5dd09bc1def8b400084dbb08,male,white,infant,https://images.generated.photos/LphN-Lj7rYR3NPMlPni7icDdTf_xYYIg2IJDtH1N3vA/rs:fit:512:512/Z3M6Ly9nZW5lcmF0/ZWQtcGhvdG9zLzA5/NzQwMDcuanBn.jpg
5dd09bbcdef8b400084dbaca,male,white,infant,https://images.generated.photos/wSvds6lkw8fBOepwjwG5ABzdGa4QzamTTvUojZ6ul08/rs:fit:512:512/Z3M6Ly9nZW5lcmF0/ZWQtcGhvdG9zLzA5/NzM0MzIuanBn.jpg
5dd09b90def8b400084db8e7,male,white,infant,https://images.generated.photos/wX509wmnl3WZd_CkKOqkkR3VLKjEJF8E0cxpVWsoQao/rs:fit:512:512/Z3M6Ly9nZW5lcmF0/ZWQtcGhvdG9zLzA5/NjkwMzQuanBn.jpg
5dd09ae6def8b400084db17e,male,white,infant,https://images.generated.photos/qFfQir9MUDv9X5PkyxRP4KTZfsWD1ibC6hic1Tndc-M/rs:fit:512:512/Z3M6Ly9nZW5lcmF0/ZWQtcGhvdG9zLzA5/NTE3MDMuanBn.jpg
5dd09a3adef8b400084da9db,male,white,infant,https://images.generated.photos/1HSwx9HBz0s9rvMickkdRIAW_3pV_bETYNx8m8-BlJE/rs:fit:512:512/Z3M6Ly9nZW5lcmF0/ZWQtcGhvdG9zLzA5/MzM4MDMuanBn.jpg
5dd09985def8b400084da1be,male,white,infant,https://images.generated.photos/_gm5jEDmTOEvLNPolMkybQ3-rA_X9FFem6UU0QoV3T8/rs:fit:512:512/Z3M6Ly9nZW5lcmF0/ZWQtcGhvdG9zLzA5/MTM5MzcuanBn.jpg
5dd0992fdef8b400084d9dd8,male,white,infant,https://images.generated.photos/vFp_z58-mHEjehUwSa0_mt-M184G6o1Ht4TwWkwaJvo/rs:fit:512:512/Z3M6Ly9nZW5lcmF0/ZWQtcGhvdG9zLzA5/MDQ0ODguanBn.jpg
5dd098d4def8b400084d99b3,male,white,infant,https://images.generated.photos/UZcYcrpcQyYxJKIejPLZxFxCC9j8on8GIxoWQIItsu0/rs:fit:512:512/Z3M6Ly9nZW5lcmF0/ZWQtcGhvdG9zLzA4/OTQzNDAuanBn.jpg
5dd09bcddef8b400084dbb86,female,asian,child,https://images.generated.photos/s681r3IZp5InK01t3yCGnrP-YGC9hQ6BskX9T7EacEw/rs:fit:512:512/Z3M6Ly9nZW5lcmF0/ZWQtcGhvdG9zLzA5/NzUzODYuanBn.jpg
5dd09b6bdef8b400084db749,female,asian,child,https://images.generated.photos/T_0T3w3ldKuWKl2tmQuF7rrUppiFnqy8TUzZqZ94yl0/rs:fit:512:512/Z3M6Ly9nZW5lcmF0/ZWQtcGhvdG9zLzA5/NjUxNTkuanBn.jpg
5dd09b4ddef8b400084db5f7,female,asian,child,https://images.generated.photos/I26G6PKFgxGx8BnK9kGnlTKBGRkxcNyNHpODC9paYKs/rs:fit:512:512/Z3M6Ly9nZW5lcmF0/ZWQtcGhvdG9zLzA5/NjE5NjUuanBn.jpg
5dd09affdef8b400084db291,female,asian,child,https://images.generated.photos/JBvSjOILckp9n_xGMhlEztW_iHtOCF4ht5sNglrIT6E/rs:fit:512:512/Z3M6Ly9nZW5lcmF0/ZWQtcGhvdG9zLzA5/NTQyNTAuanBn.jpg
5dd09a51def8b400084daae6,female,asian,child,https://images.generated.photos/GZX5dP0GnZpGF4Wzp8MhOwdLCsWmP9NmS5FGrMqMP3o/rs:fit:512:512/Z3M6Ly9nZW5lcmF0/ZWQtcGhvdG9zLzA5/MzYxMTguanBn.jpg
5dd0994adef8b400084d9f10,female,asian,child,https://images.generated.photos/bnX_waH1T9U6Oi_Zy65kLm2qALZdaE2m55ZIZcpWxx8/rs:fit:512:512/Z3M6Ly9nZW5lcmF0/ZWQtcGhvdG9zLzA5/MDc0MzguanBn.jpg
5dd0992bdef8b400084d9daf,female,asian,child,https://images.generated.photos/zL_n8YVvPaFFi6S8J9anw9SSDc5uXY76fNXDhP9JaaQ/rs:fit:512:512/Z3M6Ly9nZW5lcmF0/ZWQtcGhvdG9zLzA5/MDQwNzIuanBn.jpg
5dd098dadef8b400084d99f1,female,asian,child,https://images.generated.photos/FyihfEXRAnB6uOWHR0D2fBGusVjRzNdY1b81z4lsxJo/rs:fit:512:512/Z3M6Ly9nZW5lcmF0/ZWQtcGhvdG9zLzA4/OTUwMTMuanBn.jpg
5dd098d7def8b400084d99d1,female,asian,child,https://images.generated.photos/E-p4EmRz-IAMYfjgiyDdMb2Xc-NzlCCj1d6jO2NFDS0/rs:fit:512:512/Z3M6Ly9nZW5lcmF0/ZWQtcGhvdG9zLzA4/OTQ2NjUuanBn.jpg
5dd0987adef8b400084d9595,female,asian,child,https://images.generated.photos/-6YVK4OMyvHj6l-6KzyARNDC350T_D_qFQEyu8EZqdE/rs:fit:512:512/Z3M6Ly9nZW5lcmF0/ZWQtcGhvdG9zLzA4/ODQzNzIuanBn.jpg
5dd09c95def8b400084dc420,female,black,young-adult,https://images.generated.photos/9hL5gfYHZMx8RP8Td-UZxAwsczyYo2sHkOdz25ZCokE/rs:fit:512:512/Z3M6Ly9nZW5lcmF0/ZWQtcGhvdG9zLzA5/OTY4MjAuanBn.jpg
5dd09c8adef8b400084dc3a6,female,black,young-adult,https://images.generated.photos/4m3yUQ2Z_8Cx3FnbUOkuaWgWN1ed-XbBmo4mM9Mrbcc/rs:fit:512:512/Z3M6Ly9nZW5lcmF0/ZWQtcGhvdG9zLzA5/OTU0NTcuanBn.jpg
5dd09c84def8b400084dc36d,female,black,young-adult,https://images.generated.photos/2U2-mH6-TkPpvhGILi2fbHCit1T-RY1Ey9R9w015fRQ/rs:fit:512:512/Z3M6Ly9nZW5lcmF0/ZWQtcGhvdG9zLzA5/OTQ5NDkuanBn.jpg
5dd09c7bdef8b400084dc301,female,black,young-adult,https://images.generated.photos/zj6NIRgXPpbBn9UussB5hWEZi-edC9UCXnhkjeBFav8/rs:fit:512:512/Z3M6Ly9nZW5lcmF0/ZWQtcGhvdG9zLzA5/OTM5MDguanBn.jpg
5dd09c55def8b400084dc15c,female,black,young-adult,https://images.generated.photos/GizGLRdjjWkuYNwwjoAwdrIHznE7L7sUH-k_mXLWBTo/rs:fit:512:512/Z3M6Ly9nZW5lcmF0/ZWQtcGhvdG9zLzA5/ODk3ODUuanBn.jpg
5dd09c3bdef8b400084dc046,female,black,young-adult,https://images.generated.photos/iHp904r1CZjfTRhzzjjtU4UwsASAiVt47s08n-LmaPI/rs:fit:512:512/Z3M6Ly9nZW5lcmF0/ZWQtcGhvdG9zLzA5/ODcwOTYuanBn.jpg
5dd09c20def8b400084dbf1e,female,black,young-adult,https://images.generated.photos/H2MwVK5amG2TrXLdN2weH_b2dVRQyRp8OazrZtB9B4M/rs:fit:512:512/Z3M6Ly9nZW5lcmF0/ZWQtcGhvdG9zLzA5/ODQyNTMuanBn.jpg
5dd09c1adef8b400084dbedd,female,black,young-adult,https://images.generated.photos/LKLopnX6Iz3EVgVAylOL5DS50_B86m9jZagSfmVMfzs/rs:fit:512:512/Z3M6Ly9nZW5lcmF0/ZWQtcGhvdG9zLzA5/ODM2MjguanBn.jpg
5dd09c0fdef8b400084dbe61,female,black,young-adult,https://images.generated.photos/VufROJ6uhQmvPGpygeXMAGlMH2x6JQ7GpZd33AX_2sU/rs:fit:512:512/Z3M6Ly9nZW5lcmF0/ZWQtcGhvdG9zLzA5/ODIzMzMuanBn.jpg
5dd09c06def8b400084dbdfe,female,black,young-adult,https://images.generated.photos/v7qm9DO-1oMv-Llq6l9nEpEhByTV8_yu7Nw5h0aKyjI/rs:fit:512:512/Z3M6Ly9nZW5lcmF0/ZWQtcGhvdG9zLzA5/ODEzNTYuanBn.jpg
5dd09caadef8b400084dc502,male,white,child,https://images.generated.photos/gIQs5znc6V_PNuLzVFIxll5VP3hvDoH3Jj9AUad8dSc/rs:fit:512:512/Z3M6Ly9nZW5lcmF0/ZWQtcGhvdG9zLzA5/OTg3ODQuanBn.jpg
5dd09ca9def8b400084dc4f2,male,white,child,https://images.generated.photos/c9VWI65yWitBeAh8TrqVPVLWVJP6AaMROYcksiSGEDQ/rs:fit:512:512/Z3M6Ly9nZW5lcmF0/ZWQtcGhvdG9zLzA5/OTg2MzIuanBn.jpg
5dd09ca7def8b400084dc4e0,male,white,child,https://images.generated.photos/erDu0tqZehw459j8mTszGcSeWBsR7nyqNH4sWQXpwvw/rs:fit:512:512/Z3M6Ly9nZW5lcmF0/ZWQtcGhvdG9zLzA5/OTg0MDkuanBn.jpg
5dd09ca3def8b400084dc4b9,male,white,child,https://images.generated.photos/ncbBFvpZvcwQFUyXim-z4sJ59sIae6oJddIvTcLcQiY/rs:fit:512:512/Z3M6Ly9nZW5lcmF0/ZWQtcGhvdG9zLzA5/OTgxMjAuanBn.jpg
5dd09c96def8b400084dc42c,male,white,child,https://images.generated.photos/E9DaTzVFnUVWzocVJCw6eBoa8ymKGLhBlkek8e7z-yE/rs:fit:512:512/Z3M6Ly9nZW5lcmF0/ZWQtcGhvdG9zLzA5/OTY5MDguanBn.jpg
5dd09c95def8b400084dc424,male,white,child,https://images.generated.photos/GTbc19ykBWROWTxCawMk_Rb1aim4WPyK8V1p0s8e3Bk/rs:fit:512:512/Z3M6Ly9nZW5lcmF0/ZWQtcGhvdG9zLzA5/OTY4NjUuanBn.jpg
5dd09c85def8b400084dc36f,male,white,child,https://images.generated.photos/yIr71woC0yQ_-VQT6o_1F_3xePGYelcYYX1x_IoWEEk/rs:fit:512:512/Z3M6Ly9nZW5lcmF0/ZWQtcGhvdG9zLzA5/OTQ5NTkuanBn.jpg
5dd09c80def8b400084dc341,male,white,child,https://images.generated.photos/-V7Drs61wzDBCZFuf6K-ebJ4AaIpuxFGw6dyaq7zPoc/rs:fit:512:512/Z3M6Ly9nZW5lcmF0/ZWQtcGhvdG9zLzA5/OTQ1MzEuanBn.jpg
5dd09c7bdef8b400084dc30b,male,white,child,https://images.generated.photos/e-OTp_Qow1VhweMbdy6nwVvjTzNVGn4DdweFh82Vv6Q/rs:fit:512:512/Z3M6Ly9nZW5lcmF0/ZWQtcGhvdG9zLzA5/OTM5ODkuanBn.jpg
5dd09c7adef8b400084dc2fd,male,white,child,https://images.generated.photos/bHs7Y63tb4K34vq5xcPDUxLM_Ou-EGPb59n-22a-la0/rs:fit:512:512/Z3M6Ly9nZW5lcmF0/ZWQtcGhvdG9zLzA5/OTM4NzAuanBn.jpg
5dd09ca6def8b400084dc4d5,female,latino,child,https://images.generated.photos/t4Pwj3ixdA_kMICg0kd3CSVIrxPohH_t845wxxcpsSc/rs:fit:512:512/Z3M6Ly9nZW5lcmF0/ZWQtcGhvdG9zLzA5/OTgzMTIuanBn.jpg
5dd09b1edef8b400084db3ee,female,latino,child,https://images.generated.photos/WUYvcnoAc7arWL4c6ZULt3oMTGNrF-4Xt0S3IBsEy6U/rs:fit:512:512/Z3M6Ly9nZW5lcmF0/ZWQtcGhvdG9zLzA5/NTcxMjkuanBn.jpg
5dd09adfdef8b400084db139,female,latino,child,https://images.generated.photos/SRGvXsKsjBg9EvMrYE-FLJLw05XvN6JWnGh6ICnvLrI/rs:fit:512:512/Z3M6Ly9nZW5lcmF0/ZWQtcGhvdG9zLzA5/NTExNTguanBn.jpg
5dd0992fdef8b400084d9dd9,female,latino,child,https://images.generated.photos/fv-RONclc2MSQi6PncgDExhHbDZASDCEKctnde9ouFk/rs:fit:512:512/Z3M6Ly9nZW5lcmF0/ZWQtcGhvdG9zLzA5/MDQ0OTMuanBn.jpg
5dd0951cdef8b400084d6c41,female,latino,child,https://images.generated.photos/tV6WY7_16UuTRLELlvTQPvyvXqidmxTWBcRb2s-PME0/rs:fit:512:512/Z3M6Ly9nZW5lcmF0/ZWQtcGhvdG9zLzA3/ODMxOTUuanBn.jpg
5dd094e1def8b400084d693e,female,latino,child,https://images.generated.photos/Ddn6qzOv5Q--TCCa3sDERROI9PHlcYnfhlz7PX6dIkA/rs:fit:512:512/Z3M6Ly9nZW5lcmF0/ZWQtcGhvdG9zLzA3/NzU3NzIuanBn.jpg
5dd094b0def8b400084d66c5,female,latino,child,https://images.generated.photos/pukvYkFEPz3h9-tbAFCE7RQWHwOF9NMcrzjYJUtEwRI/rs:fit:512:512/Z3M6Ly9nZW5lcmF0/ZWQtcGhvdG9zLzA3/Njk5MTEuanBn.jpg
5dd09466def8b400084d6305,female,latino,child,https://images.generated.photos/bQJXav945KiJWBs5MoIu5hbt49L4YsTezXSYSG8RPPs/rs:fit:512:512/Z3M6Ly9nZW5lcmF0/ZWQtcGhvdG9zLzA3/NjA3MDAuanBn.jpg
5dd092efdef8b400084d4f95,female,latino,child,https://images.generated.photos/fklyH_IH_yQDOnXC3pmTxK8jGbpuXcxDxawoNHJ1-tc/rs:fit:512:512/Z3M6Ly9nZW5lcmF0/ZWQtcGhvdG9zLzA3/MTM1ODMuanBn.jpg
5dd09287def8b400084d4a31,female,latino,child,https://images.generated.photos/Lzsw3kIoe8FB_KV7JAILV4L5D_mFCKxkuItGNUwOmfQ/rs:fit:512:512/Z3M6Ly9nZW5lcmF0/ZWQtcGhvdG9zLzA3/MDA1MzAuanBn.jpg
5dd09be6def8b400084dbc9b,male,black,child,https://images.generated.photos/GphUDKwAXzrptCq2bbc-NyQbMymWBRdCRpDt1cefpQ8/rs:fit:512:512/Z3M6Ly9nZW5lcmF0/ZWQtcGhvdG9zLzA5/Nzc5NzEuanBn.jpg
5dd08797def8b400084c939d,male,black,child,https://images.generated.photos/OgJlYTlDtdiC-MuQ3T8B96ysHVWy70egZ4IQppr-oe4/rs:fit:512:512/Z3M6Ly9nZW5lcmF0/ZWQtcGhvdG9zLzAy/NTc4NTMuanBn.jpg
5dd09ca9def8b400084dc4f7,male,latino,young-adult,https://images.generated.photos/0WCTG0j2zFkKclrXX6F-kcZQzRL-8sJxY4PIEUf4yQo/rs:fit:512:512/Z3M6Ly9nZW5lcmF0/ZWQtcGhvdG9zLzA5/OTg2NjguanBn.jpg
5dd09ca8def8b400084dc4e9,male,latino,young-adult,https://images.generated.photos/_rs1mTx_834d4tGvKWndrL2j6mvxWVDJWoi-PF44HqM/rs:fit:512:512/Z3M6Ly9nZW5lcmF0/ZWQtcGhvdG9zLzA5/OTg1MjQuanBn.jpg
5dd09ca3def8b400084dc4be,male,latino,young-adult,https://images.generated.photos/8aT4WFrZGNATmlJ_BNyyfn8iC6ZjQwy4hFDB9qmg7yo/rs:fit:512:512/Z3M6Ly9nZW5lcmF0/ZWQtcGhvdG9zLzA5/OTgxNTkuanBn.jpg
5dd09c9adef8b400084dc45c,male,latino,young-adult,https://images.generated.photos/T54XdwFJtOYLFqiLKvNSi5KnJJjlx7nfh9j3DPOf6Qo/rs:fit:512:512/Z3M6Ly9nZW5lcmF0/ZWQtcGhvdG9zLzA5/OTczMjIuanBn.jpg
5dd09c95def8b400084dc428,male,latino,young-adult,https://images.generated.photos/9ByLKR4BXDMcNrdIG8_Vb_vj4SZhkfCi1h_1i_xZhIE/rs:fit:512:512/Z3M6Ly9nZW5lcmF0/ZWQtcGhvdG9zLzA5/OTY4ODcuanBn.jpg
5dd09c88def8b400084dc399,male,latino,young-adult,https://images.generated.photos/xdYqGOr2-Q4VP_QUiFInbHymtmuOfPMtzNX6pl1drRU/rs:fit:512:512/Z3M6Ly9nZW5lcmF0/ZWQtcGhvdG9zLzA5/OTUzNDcuanBn.jpg
5dd09c85def8b400084dc374,male,latino,young-adult,https://images.generated.photos/HKlnAuXqmzjSC92Iy8xHu47nsHd2lApV0f18QRntHys/rs:fit:512:512/Z3M6Ly9nZW5lcmF0/ZWQtcGhvdG9zLzA5/OTUwMDcuanBn.jpg
5dd09c84def8b400084dc366,male,latino,young-adult,https://images.generated.photos/UoSHkaQOgZeZur7JTr_vXUopelPyccULtebv-MCccPU/rs:fit:512:512/Z3M6Ly9nZW5lcmF0/ZWQtcGhvdG9zLzA5/OTQ4NzUuanBn.jpg
5dd09c81def8b400084dc349,male,latino,young-adult,https://images.generated.photos/D0h2hU4FqOHJK9pKMw--KJ1DlAAwhTS_WwFs8UL-5Z0/rs:fit:512:512/Z3M6Ly9nZW5lcmF0/ZWQtcGhvdG9zLzA5/OTQ2MDMuanBn.jpg
5dd09c7edef8b400084dc324,male,latino,young-adult,https://images.generated.photos/sPekBwxvX676__yYQdk3yHuFRhiT-OvoO0g_kks61DU/rs:fit:512:512/Z3M6Ly9nZW5lcmF0/ZWQtcGhvdG9zLzA5/OTQyMzguanBn.jpg
5dd09c3bdef8b400084dc049,male,latino,child,https://images.generated.photos/CdntQSHBR7utpIf9fZFiE0wimOrodxhTIvruRBsis0c/rs:fit:512:512/Z3M6Ly9nZW5lcmF0/ZWQtcGhvdG9zLzA5/ODcxNDEuanBn.jpg
5dd09be4def8b400084dbc84,male,latino,child,https://images.generated.photos/gufTibt93fokcBfFR3-g1uktC_XAkf-a-pr0pNI0ijA/rs:fit:512:512/Z3M6Ly9nZW5lcmF0/ZWQtcGhvdG9zLzA5/Nzc3NjEuanBn.jpg
5dd09937def8b400084d9e37,male,latino,child,https://images.generated.photos/YcZDFKghMGz33Kv4RTSrhbnfTvpAbkWkwNYgNw2SIVU/rs:fit:512:512/Z3M6Ly9nZW5lcmF0/ZWQtcGhvdG9zLzA5/MDUxNzQuanBn.jpg
5dd09845def8b400084d9315,male,latino,child,https://images.generated.photos/VPsQYsu5OckAy5XBRdeQlBGlC04uhOPeMujNQ_nXIeQ/rs:fit:512:512/Z3M6Ly9nZW5lcmF0/ZWQtcGhvdG9zLzA4/NzgzNTAuanBn.jpg
5dd096d2def8b400084d81b8,male,latino,child,https://images.generated.photos/7mhG0aB_4nshhJtMuauR1NrPx4pCca4h2x_4860tbQ4/rs:fit:512:512/Z3M6Ly9nZW5lcmF0/ZWQtcGhvdG9zLzA4/MzU1MDMuanBn.jpg
5dd0969cdef8b400084d7f1e,male,latino,child,https://images.generated.photos/IzqEjI1BNPOiiPRddWDzi5CAt6ExROISOpNGHMpzYjo/rs:fit:512:512/Z3M6Ly9nZW5lcmF0/ZWQtcGhvdG9zLzA4/MjkyNDcuanBn.jpg
5dd095d4def8b400084d756c,male,latino,child,https://images.generated.photos/PAMoos7Mclz9crrOHsVDombc72AzptKnZZXiqb0InVE/rs:fit:512:512/Z3M6Ly9nZW5lcmF0/ZWQtcGhvdG9zLzA4/MDU2NzYuanBn.jpg
5dd09571def8b400084d7078,male,latino,child,https://images.generated.photos/F_UXjzm66I0CAYoxJ6NepFm6Oh4h_baw0aj_m-O5fZc/rs:fit:512:512/Z3M6Ly9nZW5lcmF0/ZWQtcGhvdG9zLzA3/OTM2MTkuanBn.jpg
5dd093fbdef8b400084d5d85,male,latino,child,https://images.generated.photos/x45wIkfWLFMl-uHTYWINQNlK8sw6wjyxHrrAAcuxbRY/rs:fit:512:512/Z3M6Ly9nZW5lcmF0/ZWQtcGhvdG9zLzA3/NDc3MTcuanBn.jpg
5dd09266def8b400084d486b,male,latino,child,https://images.generated.photos/45lKeL-Xp2a-hslir0E0KATeEscye40pAUkCp23oJuc/rs:fit:512:512/Z3M6Ly9nZW5lcmF0/ZWQtcGhvdG9zLzA2/OTYzMzEuanBn.jpg
5dd09caddef8b400084dc527,female,white,elderly,https://images.generated.photos/HSmNPeyAEuN3MvU3Fj4WhKk8pIknSUU2aCNZ_1FTo10/rs:fit:512:512/Z3M6Ly9nZW5lcmF0/ZWQtcGhvdG9zLzA5/OTkxODQuanBn.jpg
5dd09c9cdef8b400084dc471,female,white,elderly,https://images.generated.photos/VK_GNFXvaUwM4FGgI1EfeAUIVM02IZRAYPvpsizrxas/rs:fit:512:512/Z3M6Ly9nZW5lcmF0/ZWQtcGhvdG9zLzA5/OTc0NDMuanBn.jpg
5dd09c82def8b400084dc34f,female,white,elderly,https://images.generated.photos/jlFpmGlpG6Da_TTU1dLVinmK3Hu4VChU_j-WyOasAB8/rs:fit:512:512/Z3M6Ly9nZW5lcmF0/ZWQtcGhvdG9zLzA5/OTQ2NjcuanBn.jpg
5dd09c81def8b400084dc345,female,white,elderly,https://images.generated.photos/BT8E_uGw2plxR961uc9no-ewh0PmySTmRXS1Vyu3q0I/rs:fit:512:512/Z3M6Ly9nZW5lcmF0/ZWQtcGhvdG9zLzA5/OTQ1NzEuanBn.jpg
5dd09c67def8b400084dc229,female,white,elderly,https://images.generated.photos/pmUoaO0kttTblJ0IVaMdPinQbKVpZxVKnKXm3wg7h2w/rs:fit:512:512/Z3M6Ly9nZW5lcmF0/ZWQtcGhvdG9zLzA5/OTE4MTEuanBn.jpg
5dd09c3ddef8b400084dc05b,female,white,elderly,https://images.generated.photos/VKZaV8MTG8dH2t163om6Phmf8Uk1kDFx0nF9OfLFoZE/rs:fit:512:512/Z3M6Ly9nZW5lcmF0/ZWQtcGhvdG9zLzA5/ODcyOTYuanBn.jpg
5dd09c3cdef8b400084dc04f,female,white,elderly,https://images.generated.photos/dBPdjdxgUTO9FCL3jKJDnHhvjr7MVDoLXPv77KtmXUM/rs:fit:512:512/Z3M6Ly9nZW5lcmF0/ZWQtcGhvdG9zLzA5/ODcxOTEuanBn.jpg
5dd09c23def8b400084dbf38,female,white,elderly,https://images.generated.photos/WGf4KOuvaYdNd1aIq_OyTbQi7UEYWlO2r9cYDXPehNs/rs:fit:512:512/Z3M6Ly9nZW5lcmF0/ZWQtcGhvdG9zLzA5/ODQ1MjAuanBn.jpg
5dd09bcedef8b400084dbb90,female,white,elderly,https://images.generated.photos/_U9A0WKAE3KQ4AkaoMR8WPAMZHHcqtzjfrANa5tJyIU/rs:fit:512:512/Z3M6Ly9nZW5lcmF0/ZWQtcGhvdG9zLzA5/NzU0OTYuanBn.jpg
5dd09bccdef8b400084dbb81,female,white,elderly,https://images.generated.photos/2jFLpH-O-6n7tnbWPYN2YQ7CBNyWfQ8dYYxLHtDaLiU/rs:fit:512:512/Z3M6Ly9nZW5lcmF0/ZWQtcGhvdG9zLzA5/NzUzMjEuanBn.jpg
5dd09caddef8b400084dc522,female,latino,young-adult,https://images.generated.photos/5PI2nfDP7Vh6h8ljIbpkLctrZHA4z8JaOtr2zu9ZhSU/rs:fit:512:512/Z3M6Ly9nZW5lcmF0/ZWQtcGhvdG9zLzA5/OTkxMzIuanBn.jpg
5dd09cacdef8b400084dc51d,female,latino,young-adult,https://images.generated.photos/CTbcCx2oRfRVrvzxp9igCjmbmsNLaxGhUnPiXOI2ZzU/rs:fit:512:512/Z3M6Ly9nZW5lcmF0/ZWQtcGhvdG9zLzA5/OTkwNTguanBn.jpg
5dd09cacdef8b400084dc51b,female,latino,young-adult,https://images.generated.photos/OO84wlJugtftFZj51TflOn3Ih3Y6gq-_CSyTa35h2Ng/rs:fit:512:512/Z3M6Ly9nZW5lcmF0/ZWQtcGhvdG9zLzA5/OTkwNTEuanBn.jpg
5dd09ca8def8b400084dc4ef,female,latino,young-adult,https://images.generated.photos/hZxJd8AawhGvPOZojVtc3JXQqp2crIryJ7ECE50X-Go/rs:fit:512:512/Z3M6Ly9nZW5lcmF0/ZWQtcGhvdG9zLzA5/OTg2MTIuanBn.jpg
5dd09ca6def8b400084dc4d3,female,latino,young-adult,https://images.generated.photos/xA0kAi29N-RgcCna9hrUEB2NMXsNnnH1webWlgsgBsg/rs:fit:512:512/Z3M6Ly9nZW5lcmF0/ZWQtcGhvdG9zLzA5/OTgzMDQuanBn.jpg
5dd09ca5def8b400084dc4d0,female,latino,young-adult,https://images.generated.photos/OA1RiVa1ZI3uncSfxYAn-L1MwLXWsAhp6sEjSEXNApk/rs:fit:512:512/Z3M6Ly9nZW5lcmF0/ZWQtcGhvdG9zLzA5/OTgyNjMuanBn.jpg
5dd09ca5def8b400084dc4cf,female,latino,young-adult,https://images.generated.photos/tYh9yYC5RFBQeBNLbfqgXbX8QTmhVImKOW6gJ1pGU3o/rs:fit:512:512/Z3M6Ly9nZW5lcmF0/ZWQtcGhvdG9zLzA5/OTgyNDkuanBn.jpg
5dd09ca4def8b400084dc4c8,female,latino,young-adult,https://images.generated.photos/cC7-ULb-LVgjXJ_47T2NVZqsq4r8yGtYKP19YE0t2Do/rs:fit:512:512/Z3M6Ly9nZW5lcmF0/ZWQtcGhvdG9zLzA5/OTgyMTMuanBn.jpg
5dd09c9ddef8b400084dc480,female,latino,young-adult,https://images.generated.photos/-w2cm7KLLrRrLccYgJefj3mEbjDD6wEb-83Z0mCugqI/rs:fit:512:512/Z3M6Ly9nZW5lcmF0/ZWQtcGhvdG9zLzA5/OTc1OTQuanBn.jpg
5dd09c9ddef8b400084dc479,female,latino,young-adult,https://images.generated.photos/sym8zwMzzCPRd56TBiGlG9iHvJGkVuFU7yZzz-XfA1c/rs:fit:512:512/Z3M6Ly9nZW5lcmF0/ZWQtcGhvdG9zLzA5/OTc1MDUuanBn.jpg
5dd09c8cdef8b400084dc3c1,male,black,young-adult,https://images.generated.photos/DWMpPEBc9MONRdzGQqBGUEksDGG0Sm5YkgLDKesLLAA/rs:fit:512:512/Z3M6Ly9nZW5lcmF0/ZWQtcGhvdG9zLzA5/OTU3NTguanBn.jpg
5dd09c86def8b400084dc384,male,black,young-adult,https://images.generated.photos/1yr2kNFffZ0fb21P5ulpQeoGHHR7Wl62kG-W0GYspZY/rs:fit:512:512/Z3M6Ly9nZW5lcmF0/ZWQtcGhvdG9zLzA5/OTUxOTUuanBn.jpg
5dd09c68def8b400084dc232,male,black,young-adult,https://images.generated.photos/vjEBti2kOBzUI67d1jqKj2Te59YAPcIprGL_t-QDmag/rs:fit:512:512/Z3M6Ly9nZW5lcmF0/ZWQtcGhvdG9zLzA5/OTE5MTIuanBn.jpg
5dd09c52def8b400084dc142,male,black,young-adult,https://images.generated.photos/N6Hz3S8AFhfFNA34Ho7ZrCbmHdzDvhQvADmk8wBxVyw/rs:fit:512:512/Z3M6Ly9nZW5lcmF0/ZWQtcGhvdG9zLzA5/ODk1MDYuanBn.jpg
5dd09c37def8b400084dc016,male,black,young-adult,https://images.generated.photos/hwpkJ72qRUZTuuWHFIys3a6GOx-FN7taU-B3qgaVDbg/rs:fit:512:512/Z3M6Ly9nZW5lcmF0/ZWQtcGhvdG9zLzA5/ODY2ODUuanBn.jpg
5dd09c22def8b400084dbf34,male,black,young-adult,https://images.generated.photos/xLRnRXWhGnsHZI46Nj56KDNbBunz6m2tJvbNNRlQczw/rs:fit:512:512/Z3M6Ly9nZW5lcmF0/ZWQtcGhvdG9zLzA5/ODQ0ODguanBn.jpg
5dd09c18def8b400084dbec2,male,black,young-adult,https://images.generated.photos/qa-WoEHJxWxYzdBvZPRWnMj6sqKDqP4Mig_bXBSIJJg/rs:fit:512:512/Z3M6Ly9nZW5lcmF0/ZWQtcGhvdG9zLzA5/ODMzMjguanBn.jpg
5dd09c13def8b400084dbe85,male,black,young-adult,https://images.generated.photos/uhhJYCfVZZDU-3MebPZvKevCB1MFJlAy_OJPxsshK7g/rs:fit:512:512/Z3M6Ly9nZW5lcmF0/ZWQtcGhvdG9zLzA5/ODI3MTEuanBn.jpg
5dd09c11def8b400084dbe74,male,black,young-adult,https://images.generated.photos/1OYEybDOrtGR7V8hzGKiZs8bUr8_Cm9ZuyFAug7TD8Q/rs:fit:512:512/Z3M6Ly9nZW5lcmF0/ZWQtcGhvdG9zLzA5/ODI1NjMuanBn.jpg
5dd09c06def8b400084dbdfa,male,black,young-adult,https://images.generated.photos/xs8leFXhlKcQOPgnCbLFWiw2phEqsjcM6ppDo5C9bSY/rs:fit:512:512/Z3M6Ly9nZW5lcmF0/ZWQtcGhvdG9zLzA5/ODEzMjcuanBn.jpg
5dd09cb2def8b400084dc560,female,white,child,https://images.generated.photos/VJA5LKrdGNQ-hOdvREkOOXsTyBk-Kna1FeHON0b3P_M/rs:fit:512:512/Z3M6Ly9nZW5lcmF0/ZWQtcGhvdG9zLzA5/OTk4MDAuanBn.jpg
5dd09cb1def8b400084dc54d,female,white,child,https://images.generated.photos/eTFLVCMg1wEbnQhhpnekk3cG-lwj0LyAx5Ki-4mBWRk/rs:fit:512:512/Z3M6Ly9nZW5lcmF0/ZWQtcGhvdG9zLzA5/OTk1NzguanBn.jpg
5dd09caedef8b400084dc534,female,white,child,https://images.generated.photos/1M7w5FaKfFu9RXBP3FVrPHu4Gtu4dgTwcTTNGk0fX20/rs:fit:512:512/Z3M6Ly9nZW5lcmF0/ZWQtcGhvdG9zLzA5/OTkzMTYuanBn.jpg
5dd09caedef8b400084dc52c,female,white,child,https://images.generated.photos/caMwqTo25lvEfZnSTonmlWGJ8ipSaOIsYMFnOG8jL9k/rs:fit:512:512/Z3M6Ly9nZW5lcmF0/ZWQtcGhvdG9zLzA5/OTkyNjEuanBn.jpg
5dd09cacdef8b400084dc518,female,white,child,https://images.generated.photos/KKTgjWUd_hYYnaMguGxzmD0Wk5T-1We-u41_Bmzk5Kk/rs:fit:512:512/Z3M6Ly9nZW5lcmF0/ZWQtcGhvdG9zLzA5/OTg5NzMuanBn.jpg
5dd09ca7def8b400084dc4dc,female,white,child,https://images.generated.photos/Pvb4L8WUtAN3lqgkTNxeLkYbD_5T8S9RTwLumEYQLBM/rs:fit:512:512/Z3M6Ly9nZW5lcmF0/ZWQtcGhvdG9zLzA5/OTgzODkuanBn.jpg
5dd09ca6def8b400084dc4d8,female,white,child,https://images.generated.photos/DpvMZcqLXtXXg_e6QY8LusElqARkRcox1Ug93mh2Cbk/rs:fit:512:512/Z3M6Ly9nZW5lcmF0/ZWQtcGhvdG9zLzA5/OTgzNTQuanBn.jpg
5dd09ca3def8b400084dc4bf,female,white,child,https://images.generated.photos/p7KJWeqBxMRQBRRbWpWfyyZDVDGZiFR3VtO2df7CHzg/rs:fit:512:512/Z3M6Ly9nZW5lcmF0/ZWQtcGhvdG9zLzA5/OTgxNjQuanBn.jpg
5dd09ca3def8b400084dc4b8,female,white,child,https://images.generated.photos/QArh2KVykyTs6h5gnFebhxIgRIUuHYP6yLDGs3HPpqs/rs:fit:512:512/Z3M6Ly9nZW5lcmF0/ZWQtcGhvdG9zLzA5/OTgxMTkuanBn.jpg
5dd09ca0def8b400084dc498,female,white,child,https://images.generated.photos/cKlJjidq83xzEhCBykZaoQ81q1Hqp42NQuJLn-WExuA/rs:fit:512:512/Z3M6Ly9nZW5lcmF0/ZWQtcGhvdG9zLzA5/OTc4MjUuanBn.jpg
5dd09c49def8b400084dc0de,female,white,infant,https://images.generated.photos/hCC0MaxSc6IXUc_FrgCOsBpdn6H6o-w2fRQ9455XGO0/rs:fit:512:512/Z3M6Ly9nZW5lcmF0/ZWQtcGhvdG9zLzA5/ODg1MzQuanBn.jpg
5dd09c16def8b400084dbea8,female,white,infant,https://images.generated.photos/dXgQCDjmdmLrMZ02GgKZZdPTf4TLLLx-CAtG5Kl-f50/rs:fit:512:512/Z3M6Ly9nZW5lcmF0/ZWQtcGhvdG9zLzA5/ODMwNzIuanBn.jpg
5dd09bb0def8b400084dba43,female,white,infant,https://images.generated.photos/YY6o0zIioCZ719BA71U9fK6advxtJ_rwakNAetfes0M/rs:fit:512:512/Z3M6Ly9nZW5lcmF0/ZWQtcGhvdG9zLzA5/NzIxMTEuanBn.jpg
5dd09b4bdef8b400084db5e5,female,white,infant,https://images.generated.photos/UjVKW-sq6ViWHitYDKDGVjbLIXMGlyMAN1Xu-329BuA/rs:fit:512:512/Z3M6Ly9nZW5lcmF0/ZWQtcGhvdG9zLzA5/NjE4MTEuanBn.jpg
5dd09afbdef8b400084db264,female,white,infant,https://images.generated.photos/LsGXUV83eSTiWkAM78q_Fc4GdB0yNzbFqQBJEH0HwOM/rs:fit:512:512/Z3M6Ly9nZW5lcmF0/ZWQtcGhvdG9zLzA5/NTM3NzYuanBn.jpg
5dd09adadef8b400084db0f9,female,white,infant,https://images.generated.photos/VDu76tGuGi4ldVZXdWVsh-VMvzCVwIVjLAx2Xn6QTpM/rs:fit:512:512/Z3M6Ly9nZW5lcmF0/ZWQtcGhvdG9zLzA5/NTA2MDguanBn.jpg
5dd09ac3def8b400084daff9,female,white,infant,https://images.generated.photos/i7GJcWKqhfhFWBYW5O6yOJID5R-9egZ5EBpQBCngLe4/rs:fit:512:512/Z3M6Ly9nZW5lcmF0/ZWQtcGhvdG9zLzA5/NDgyNzQuanBn.jpg
5dd09a86def8b400084dad4a,female,white,infant,https://images.generated.photos/DUph4Ny_IyKKdPqE8ZEkgilorgyXHVgkRsxWUDIACZc/rs:fit:512:512/Z3M6Ly9nZW5lcmF0/ZWQtcGhvdG9zLzA5/NDE3ODkuanBn.jpg
5dd09a0bdef8b400084da7c3,female,white,infant,https://images.generated.photos/vbafUOQDokaiIViLazJ_znaui-Edj4FYC9LjeDgmsOE/rs:fit:512:512/Z3M6Ly9nZW5lcmF0/ZWQtcGhvdG9zLzA5/Mjg4MzUuanBn.jpg
5dd0997bdef8b400084da153,female,white,infant,https://images.generated.photos/ioYhdQU-OYJAkmo-7yBcud93WqyfvcKu1zXqFqr_MOA/rs:fit:512:512/Z3M6Ly9nZW5lcmF0/ZWQtcGhvdG9zLzA5/MTI3NzkuanBn.jpg
5dd09ca9def8b400084dc4fb,male,asian,child,https://images.generated.photos/j0u5pnErKgO2GmSJlhc_mhD5OrNmkXe0DLBPd1MWfjM/rs:fit:512:512/Z3M6Ly9nZW5lcmF0/ZWQtcGhvdG9zLzA5/OTg2OTUuanBn.jpg
5dd09887def8b400084d9621,male,asian,child,https://images.generated.photos/0ZuV6pDuWYasWsVTwcDsnCP85W43O5b-FiGjJysMNNU/rs:fit:512:512/Z3M6Ly9nZW5lcmF0/ZWQtcGhvdG9zLzA4/ODU3NjEuanBn.jpg
5dd097f7def8b400084d8f7d,male,asian,child,https://images.generated.photos/zUlwrgSyzDUF0mP8ulugdfXF29up0z35OpAG8wm8ZyA/rs:fit:512:512/Z3M6Ly9nZW5lcmF0/ZWQtcGhvdG9zLzA4/Njk4NzguanBn.jpg
5dd0978adef8b400084d8a67,male,asian,child,https://images.generated.photos/pT3DrFH-HzFqJEWvq1T0YTVtTBG-ZTGhcOU66Kcs76U/rs:fit:512:512/Z3M6Ly9nZW5lcmF0/ZWQtcGhvdG9zLzA4/NTY5NDAuanBn.jpg
5dd0972cdef8b400084d8604,male,asian,child,https://images.generated.photos/Jlk23psFUsiX8IzXtjGmfFmZrzyo4XDs8-Osu5aWqAI/rs:fit:512:512/Z3M6Ly9nZW5lcmF0/ZWQtcGhvdG9zLzA4/NDYwMDcuanBn.jpg
5dd09509def8b400084d6b48,male,asian,child,https://images.generated.photos/s6NHQmuoP329G_ca4X-D47_rj3mJRAW-gRjDDgxGN7w/rs:fit:512:512/Z3M6Ly9nZW5lcmF0/ZWQtcGhvdG9zLzA3/ODA2NzIuanBn.jpg
5dd0939cdef8b400084d589d,male,asian,child,https://images.generated.photos/kPWlhPtmhodZg3Ho0o7XIS_naOGH9NoT2-2g-ix0OxQ/rs:fit:512:512/Z3M6Ly9nZW5lcmF0/ZWQtcGhvdG9zLzA3/MzU0MzYuanBn.jpg
5dd09285def8b400084d4a15,male,asian,child,https://images.generated.photos/LUATDMQbKsQLAuPt-GDkT4Ca46OxzADVBurwcJYi70c/rs:fit:512:512/Z3M6Ly9nZW5lcmF0/ZWQtcGhvdG9zLzA3/MDAzMTcuanBn.jpg
5dd091eddef8b400084d420e,male,asian,child,https://images.generated.photos/nzBxkOQNhVKi_L-gV95cw7-O8Sm0s0-eFHZILGSvwfk/rs:fit:512:512/Z3M6Ly9nZW5lcmF0/ZWQtcGhvdG9zLzA2/ODEzNjguanBn.jpg
5dd0918bdef8b400084d3cb6,male,asian,child,https://images.generated.photos/dC-llaU7SS-jKoEboga-9vvRtNw21_6ME06TfCZ4Sic/rs:fit:512:512/Z3M6Ly9nZW5lcmF0/ZWQtcGhvdG9zLzA2/NjgxNDUuanBn.jpg
5dd09ca7def8b400084dc4e1,male,asian,young-adult,https://images.generated.photos/lIA-dR9OUwwlXZbNGSWYFxmtX5pDKTu-HstTMiCTNV0/rs:fit:512:512/Z3M6Ly9nZW5lcmF0/ZWQtcGhvdG9zLzA5/OTg0MTYuanBn.jpg
5dd09c93def8b400084dc410,male,asian,young-adult,https://images.generated.photos/aztzGrCCybo5oHTAUOeelU_RVOOyDdVxXj_zKHkSBZY/rs:fit:512:512/Z3M6Ly9nZW5lcmF0/ZWQtcGhvdG9zLzA5/OTY2NTYuanBn.jpg
5dd09bc6def8b400084dbb40,male,asian,young-adult,https://images.generated.photos/71Y3gbheG96YRMCK3k-ItaepQJyCMIQ_x_svUII_93o/rs:fit:512:512/Z3M6Ly9nZW5lcmF0/ZWQtcGhvdG9zLzA5/NzQ2NTcuanBn.jpg
5dd09bc4def8b400084dbb23,male,asian,young-adult,https://images.generated.photos/cFxnfURwQz5_reIaT3fdlJNIx3Jk0RvTMaCmoy9ndTA/rs:fit:512:512/Z3M6Ly9nZW5lcmF0/ZWQtcGhvdG9zLzA5/NzQzMTUuanBn.jpg
5dd09b64def8b400084db6f6,male,asian,young-adult,https://images.generated.photos/ymT-j6zRN3Jnt8iOSxg4I8MO0Of5VZdaTJ_cCn1r7Yo/rs:fit:512:512/Z3M6Ly9nZW5lcmF0/ZWQtcGhvdG9zLzA5/NjQzNDIuanBn.jpg
5dd09b2cdef8b400084db48c,male,asian,young-adult,https://images.generated.photos/7_JT-vlxWq1cCLRcqF1utoIiCNTEHzigsYqXcDhOZ0U/rs:fit:512:512/Z3M6Ly9nZW5lcmF0/ZWQtcGhvdG9zLzA5/NTg2NDQuanBn.jpg
5dd09b28def8b400084db465,male,asian,young-adult,https://images.generated.photos/bOjdmPkGH0sviK_n3uTN41jpQHG5m6z3zIlT-3s6GPI/rs:fit:512:512/Z3M6Ly9nZW5lcmF0/ZWQtcGhvdG9zLzA5/NTgyMTYuanBn.jpg
5dd09a82def8b400084dad1e,male,asian,young-adult,https://images.generated.photos/sjRn22TSgDWNrWS9QN7Lz6rdSvGNs6OsdiczMeYCJpw/rs:fit:512:512/Z3M6Ly9nZW5lcmF0/ZWQtcGhvdG9zLzA5/NDE0NzAuanBn.jpg
5dd09a78def8b400084daca5,male,asian,young-adult,https://images.generated.photos/bDw1fM0v1u3121w3O_9Y7wxkkgeF_glQv41j9OCVi5A/rs:fit:512:512/Z3M6Ly9nZW5lcmF0/ZWQtcGhvdG9zLzA5/NDAzNjcuanBn.jpg
5dd09a77def8b400084dac9c,male,asian,young-adult,https://images.generated.photos/H_rQijeZVFZhOG2jb1MbCXgTkIAmO3z6wybO2Oqok7c/rs:fit:512:512/Z3M6Ly9nZW5lcmF0/ZWQtcGhvdG9zLzA5/NDAyNjguanBn.jpg
5dd09ca7def8b400084dc4de,male,white,elderly,https://images.generated.photos/RQSN--OUhdYAR8zlcSkrPDwDjL9QkR7tWKQJ9m3Z99Y/rs:fit:512:512/Z3M6Ly9nZW5lcmF0/ZWQtcGhvdG9zLzA5/OTgzOTQuanBn.jpg
5dd09ca0def8b400084dc499,male,white,elderly,https://images.generated.photos/5TeCsXr8Cbz-3kOgXLUyBKbaHXNYPNtTc7IG4VLOg3c/rs:fit:512:512/Z3M6Ly9nZW5lcmF0/ZWQtcGhvdG9zLzA5/OTc4NDcuanBn.jpg
5dd09c9edef8b400084dc485,male,white,elderly,https://images.generated.photos/SrnUOK3bTqassb2BtZtbacf84lQy_3bmTDQ19SHh93w/rs:fit:512:512/Z3M6Ly9nZW5lcmF0/ZWQtcGhvdG9zLzA5/OTc2MzUuanBn.jpg
5dd09c99def8b400084dc44e,male,white,elderly,https://images.generated.photos/hOyq1OrBN3AOUM50HDAnggird2TjFtJfaSIlFiJangE/rs:fit:512:512/Z3M6Ly9nZW5lcmF0/ZWQtcGhvdG9zLzA5/OTcxNzIuanBn.jpg
5dd09c7edef8b400084dc322,male,white,elderly,https://images.generated.photos/qLxZf8QIWxth3K6LptwsuHv-srvBtGWoIf3ZSPk1KCM/rs:fit:512:512/Z3M6Ly9nZW5lcmF0/ZWQtcGhvdG9zLzA5/OTQyMTMuanBn.jpg
5dd09c7ddef8b400084dc317,male,white,elderly,https://images.generated.photos/liA381LsxWmsmX3_iJXrlBXQLyrwzjn-1qckiBUW5Oc/rs:fit:512:512/Z3M6Ly9nZW5lcmF0/ZWQtcGhvdG9zLzA5/OTQxNDEuanBn.jpg
5dd09c6fdef8b400084dc286,male,white,elderly,https://images.generated.photos/1CRTSr_-waNlizn3hnjg0LDIUMXGpqWEv8nUY9Okda8/rs:fit:512:512/Z3M6Ly9nZW5lcmF0/ZWQtcGhvdG9zLzA5/OTI3MDguanBn.jpg
5dd09c6cdef8b400084dc261,male,white,elderly,https://images.generated.photos/rsAcp-MhjJ1FheHgv8FboWulSr73a4R5I7jjiXHw0j8/rs:fit:512:512/Z3M6Ly9nZW5lcmF0/ZWQtcGhvdG9zLzA5/OTIzNzYuanBn.jpg
5dd09c5fdef8b400084dc1cf,male,white,elderly,https://images.generated.photos/G_CN6gDeqWdzqeS1FoWnxf7caCMn8Rz3ZlLDOe9OuYk/rs:fit:512:512/Z3M6Ly9nZW5lcmF0/ZWQtcGhvdG9zLzA5/OTA5MTYuanBn.jpg
5dd09c32def8b400084dbfe9,male,white,elderly,https://images.generated.photos/KoWk_W3maCjZFfnK10pEjNhYxzJy-XNjHmuBbmYwXi0/rs:fit:512:512/Z3M6Ly9nZW5lcmF0/ZWQtcGhvdG9zLzA5/ODYxNjUuanBn.jpg
5dd09cb4def8b400084dc56c,female,white,young-adult,https://images.generated.photos/ZEOjpSss5ADYO9Kt0Sl7gE2tTy7YXWcAuCJYde7YD7g/rs:fit:512:512/Z3M6Ly9nZW5lcmF0/ZWQtcGhvdG9zLzA5/OTk4ODguanBn.jpg
5dd09cb3def8b400084dc56a,female,white,young-adult,https://images.generated.photos/RevGnrbU9CpS7H33lRbmh11vKum0Va6bUoid5RLZH7c/rs:fit:512:512/Z3M6Ly9nZW5lcmF0/ZWQtcGhvdG9zLzA5/OTk4NzMuanBn.jpg
5dd09cb3def8b400084dc569,female,white,young-adult,https://images.generated.photos/r2rDJdUdz6sAjqPgZYNViEeHm4w2cdNJdOp2MXVyxdw/rs:fit:512:512/Z3M6Ly9nZW5lcmF0/ZWQtcGhvdG9zLzA5/OTk4NzAuanBn.jpg
5dd09cb3def8b400084dc565,female,white,young-adult,https://images.generated.photos/xInU4OiBMsxlI0kTyGj1orZW7T7-jaX2QBh7wkmaC8Q/rs:fit:512:512/Z3M6Ly9nZW5lcmF0/ZWQtcGhvdG9zLzA5/OTk4NTcuanBn.jpg
5dd09cb3def8b400084dc561,female,white,young-adult,https://images.generated.photos/DQ4EKrAPT-e5slG3cXmSw20uJ2AwwhOzJeVnpI9tlMA/rs:fit:512:512/Z3M6Ly9nZW5lcmF0/ZWQtcGhvdG9zLzA5/OTk4MDcuanBn.jpg
5dd09cb2def8b400084dc55b,female,white,young-adult,https://images.generated.photos/FejHFt57rFQRR_oXNKPvfWKgr67PZXfQ_li3fO7xIHM/rs:fit:512:512/Z3M6Ly9nZW5lcmF0/ZWQtcGhvdG9zLzA5/OTk3NzcuanBn.jpg
5dd09cb2def8b400084dc559,female,white,young-adult,https://images.generated.photos/r0LuX0qWHAWqvG-d8FUhD2yYecpc9aEd6yJjudE8Szo/rs:fit:512:512/Z3M6Ly9nZW5lcmF0/ZWQtcGhvdG9zLzA5/OTk3NTUuanBn.jpg
5dd09cb2def8b400084dc558,female,white,young-adult,https://images.generated.photos/UxbWyb3MSxphmS78dmVqoKEWJAJn4gBHPCrHohLLoZA/rs:fit:512:512/Z3M6Ly9nZW5lcmF0/ZWQtcGhvdG9zLzA5/OTk3NDQuanBn.jpg
5dd09cb1def8b400084dc552,female,white,young-adult,https://images.generated.photos/kA--V6R_YFh2BAMdzxzX557QkO0Xoq7kHpF1u0MOojs/rs:fit:512:512/Z3M6Ly9nZW5lcmF0/ZWQtcGhvdG9zLzA5/OTk2NzQuanBn.jpg
5dd09cb1def8b400084dc551,female,white,young-adult,https://images.generated.photos/MyCtCHFSpG4M_-ncOFAGjFCIMl7kHMKowz5VVi4PgPE/rs:fit:512:512/Z3M6Ly9nZW5lcmF0/ZWQtcGhvdG9zLzA5/OTk2NjQuanBn.jpg
5dd09038def8b400084d29d8,female,asian,adult,https://images.generated.photos/O0homigVW7enc70H9kakiH6eOXVeAPYniz8MSLmBgWs/rs:fit:512:512/Z3M6Ly9nZW5lcmF0/ZWQtcGhvdG9zLzA2/MjI3ODkuanBn.jpg
5dd08deadef8b400084d071f,female,asian,adult,https://images.generated.photos/_oi-IkAPU8rdOGzMUL0Vu8ykXJBcg04aYdXJ7CzcFAc/rs:fit:512:512/Z3M6Ly9nZW5lcmF0/ZWQtcGhvdG9zLzA1/Mzg1ODcuanBn.jpg
5dd08950def8b400084cb699,female,asian,adult,https://images.generated.photos/sl1kGPePepgWr0qzsJ5Q5vcpUlKVwp0kTxYTxUhqSEw/rs:fit:512:512/Z3M6Ly9nZW5lcmF0/ZWQtcGhvdG9zLzAz/NDMzMTEuanBn.jpg
5dd088d4def8b400084cad1c,female,asian,adult,https://images.generated.photos/rFIQmKptKr5lDi4FGJcvyi30XplYi_13D2lnGAoVhrc/rs:fit:512:512/Z3M6Ly9nZW5lcmF0/ZWQtcGhvdG9zLzAz/MTk0NDcuanBn.jpg
5dd08728def8b400084c8a23,female,asian,adult,https://images.generated.photos/610bitlmErjlte3CZPk52bZeEblnDcu5nzHoI-jsmQI/rs:fit:512:512/Z3M6Ly9nZW5lcmF0/ZWQtcGhvdG9zLzAy/MzU0MDIuanBn.jpg
5dd083b5def8b400084c30c5,female,asian,adult,https://images.generated.photos/4rSNHtkdLXQiLtY-k9zTwiF-flTLRICCa4EQ2-Pg56g/rs:fit:512:512/Z3M6Ly9nZW5lcmF0/ZWQtcGhvdG9zLzAw/MTUyMzAuanBn.jpg
5dd09cb0def8b400084dc546,male,white,adult,https://images.generated.photos/_q3D1rdwLPmcsOHPCb5qndEWHcgOl24c7e2XI9fSmzo/rs:fit:512:512/Z3M6Ly9nZW5lcmF0/ZWQtcGhvdG9zLzA5/OTk1MTIuanBn.jpg
5dd09cafdef8b400084dc537,male,white,adult,https://images.generated.photos/MUQryrqYMGA36eLrLrM2Iq-5YlMGeFdBtjHLTmxSxCw/rs:fit:512:512/Z3M6Ly9nZW5lcmF0/ZWQtcGhvdG9zLzA5/OTkzNjIuanBn.jpg
5dd09caedef8b400084dc52e,male,white,adult,https://images.generated.photos/bGrx6Ywy6yAXOmlQwyYf5WDoIILOMQkUUlGGI-ThusQ/rs:fit:512:512/Z3M6Ly9nZW5lcmF0/ZWQtcGhvdG9zLzA5/OTkyODMuanBn.jpg
5dd09cacdef8b400084dc516,male,white,adult,https://images.generated.photos/-o5Rg7x3-3rYPel8kUTIrBTQvLk4IeqgwU9lPpM0bmQ/rs:fit:512:512/Z3M6Ly9nZW5lcmF0/ZWQtcGhvdG9zLzA5/OTg5NjEuanBn.jpg
5dd09caadef8b400084dc506,male,white,adult,https://images.generated.photos/BI_G5LclqPSCqy2mkGwAWtRP_7n_lPV5y8l_TN0Dcsw/rs:fit:512:512/Z3M6Ly9nZW5lcmF0/ZWQtcGhvdG9zLzA5/OTg3OTUuanBn.jpg
5dd09c9fdef8b400084dc490,male,white,adult,https://images.generated.photos/ShAXZYXpiveAT79W-wkdhHltnEPSixX6Bf4sWCxii8I/rs:fit:512:512/Z3M6Ly9nZW5lcmF0/ZWQtcGhvdG9zLzA5/OTc3NTIuanBn.jpg
5dd09c9adef8b400084dc45e,male,white,adult,https://images.generated.photos/B3hqpqRZKwr-ohCW-1joHaEdZwKMStrjFrg1YiELKmU/rs:fit:512:512/Z3M6Ly9nZW5lcmF0/ZWQtcGhvdG9zLzA5/OTczMzAuanBn.jpg
5dd09c9adef8b400084dc45d,male,white,adult,https://images.generated.photos/Z559-60WgkMvZDWr2VG_-mxxspkzjNOZ0LNck71Sjz0/rs:fit:512:512/Z3M6Ly9nZW5lcmF0/ZWQtcGhvdG9zLzA5/OTczMjkuanBn.jpg
5dd09c98def8b400084dc442,male,white,adult,https://images.generated.photos/vUBSMjqE1ryizGYWO2T5pq8wJgH-bHHBrJZZ9rb2_2A/rs:fit:512:512/Z3M6Ly9nZW5lcmF0/ZWQtcGhvdG9zLzA5/OTcwNzguanBn.jpg
5dd09c97def8b400084dc43a,male,white,adult,https://images.generated.photos/1RqfCen6OzTwpa1Z6VcFwLpnmFzHtUa0grdPklsPFwA/rs:fit:512:512/Z3M6Ly9nZW5lcmF0/ZWQtcGhvdG9zLzA5/OTcwMjQuanBn.jpg
5dd09c36def8b400084dc011,female,latino,adult,https://images.generated.photos/vT-I4uYGcUAfOEe28pqMPQW3MFQ8ViTgPk54SpImM1w/rs:fit:512:512/Z3M6Ly9nZW5lcmF0/ZWQtcGhvdG9zLzA5/ODY2NDguanBn.jpg
5dd09c17def8b400084dbebb,female,latino,adult,https://images.generated.photos/QRbf7YLdh3tG3FVagqJV54Gx7iyjPRT6LNd_FaUTwdA/rs:fit:512:512/Z3M6Ly9nZW5lcmF0/ZWQtcGhvdG9zLzA5/ODMyNzcuanBn.jpg
5dd09c02def8b400084dbdca,female,latino,adult,https://images.generated.photos/qVXyl7YgiYJwIAz2pfOcs9HNOKqOhGKETwVL9yEY7i8/rs:fit:512:512/Z3M6Ly9nZW5lcmF0/ZWQtcGhvdG9zLzA5/ODA4MzIuanBn.jpg
5dd0984fdef8b400084d938c,female,latino,adult,https://images.generated.photos/_TClzNcOgE5gsmGN42Jicc1jcD_MspzIVZEqf4Qcnkk/rs:fit:512:512/Z3M6Ly9nZW5lcmF0/ZWQtcGhvdG9zLzA4/Nzk1MzQuanBn.jpg
5dd09805def8b400084d9024,female,latino,adult,https://images.generated.photos/DZKKv-tv3KWbMiwjyhdoe5IWk5CIjfgNUFKMkH1MNHU/rs:fit:512:512/Z3M6Ly9nZW5lcmF0/ZWQtcGhvdG9zLzA4/NzE0NzcuanBn.jpg
5dd09764def8b400084d88a4,female,latino,adult,https://images.generated.photos/4ABhq26tt7TuqwEOyrN_DaRnoIszx84GF6tT49OhMYE/rs:fit:512:512/Z3M6Ly9nZW5lcmF0/ZWQtcGhvdG9zLzA4/NTI1OTQuanBn.jpg
5dd096afdef8b400084d800c,female,latino,adult,https://images.generated.photos/2UvsF3UmHQub6ExQFT9YyfBSITQjGCJTAvJQ2XaP9wU/rs:fit:512:512/Z3M6Ly9nZW5lcmF0/ZWQtcGhvdG9zLzA4/MzE1MjUuanBn.jpg
5dd09546def8b400084d6e55,female,latino,adult,https://images.generated.photos/eacS6WYzfSNi2gk4Fv-zfMqxmT5JtYjpOJUKtFLpLKQ/rs:fit:512:512/Z3M6Ly9nZW5lcmF0/ZWQtcGhvdG9zLzA3/ODgwODQuanBn.jpg
5dd09516def8b400084d6bf3,female,latino,adult,https://images.generated.photos/EJXU1fmBTw9ldN0K7pRX1PZRNRsOF7LFq_VuiRVjkd4/rs:fit:512:512/Z3M6Ly9nZW5lcmF0/ZWQtcGhvdG9zLzA3/ODI0MjEuanBn.jpg
5dd093ebdef8b400084d5cae,female,latino,adult,https://images.generated.photos/sVA2RMvAg7hqYblFz_v6bhCA_sQx0npVLVTMpj0jaR4/rs:fit:512:512/Z3M6Ly9nZW5lcmF0/ZWQtcGhvdG9zLzA3/NDU2NTQuanBn.jpg
5dd09c5bdef8b400084dc1aa,male,black,adult,https://images.generated.photos/abAdSDtUgXs8uc-jpHkhK831gP0hmD_cTva-Cxj-azs/rs:fit:512:512/Z3M6Ly9nZW5lcmF0/ZWQtcGhvdG9zLzA5/OTA1ODQuanBn.jpg
5dd09a33def8b400084da988,male,black,adult,https://images.generated.photos/tHsPkB0y_ycQuXhj9t0frhjTZJefjAoY6S3pBnvm8jU/rs:fit:512:512/Z3M6Ly9nZW5lcmF0/ZWQtcGhvdG9zLzA5/MzMwNjEuanBn.jpg
5dd098b9def8b400084d987b,male,black,adult,https://images.generated.photos/GBw6mam5vf_DZ4UimUAIlA0xNoT1JJW16N7hHKkWJRI/rs:fit:512:512/Z3M6Ly9nZW5lcmF0/ZWQtcGhvdG9zLzA4/OTEzMzguanBn.jpg
5dd097a6def8b400084d8bb6,male,black,adult,https://images.generated.photos/mmcVE46-bCTxCCc5iU_Bxj5qL6i4RgfRU8v8oGgI2Dk/rs:fit:512:512/Z3M6Ly9nZW5lcmF0/ZWQtcGhvdG9zLzA4/NjAyNzguanBn.jpg
5dd09678def8b400084d7d6b,male,black,adult,https://images.generated.photos/65B0a2h2yQ7Uv0dYY_iqXE903hXjqDLKYNw225rXGms/rs:fit:512:512/Z3M6Ly9nZW5lcmF0/ZWQtcGhvdG9zLzA4/MjQ3NzUuanBn.jpg
5dd095dfdef8b400084d75f7,male,black,adult,https://images.generated.photos/7vT5wGY30E9iOiJnsSk_CN_DuoeDhQp20y53Egxyd7g/rs:fit:512:512/Z3M6Ly9nZW5lcmF0/ZWQtcGhvdG9zLzA4/MDY4NjAuanBn.jpg
5dd095a9def8b400084d7346,male,black,adult,https://images.generated.photos/vlJiKGRxQDGgfwvssHs_OnEuwO4peDrk8BYPyFkjs4k/rs:fit:512:512/Z3M6Ly9nZW5lcmF0/ZWQtcGhvdG9zLzA4/MDA1MTMuanBn.jpg
5dd093ebdef8b400084d5cab,male,black,adult,https://images.generated.photos/AhZ8tD5b6FCksmvRpqiCTgKCLeEdiOp6J6E4Fv-bcXM/rs:fit:512:512/Z3M6Ly9nZW5lcmF0/ZWQtcGhvdG9zLzA3/NDU2NDIuanBn.jpg
5dd093d2def8b400084d5b65,male,black,adult,https://images.generated.photos/XBMP-2uF3e2HdEV9IGPflALL7yzlyvZHgEwr9omxc5A/rs:fit:512:512/Z3M6Ly9nZW5lcmF0/ZWQtcGhvdG9zLzA3/NDIyOTUuanBn.jpg
5dd093b7def8b400084d5a04,male,black,adult,https://images.generated.photos/uHetAkyZNAy7mLikOpRHYuEsVwakalI34zvCaBfYMjE/rs:fit:512:512/Z3M6Ly9nZW5lcmF0/ZWQtcGhvdG9zLzA3/Mzg5MTguanBn.jpg
5dd09cb3def8b400084dc562,female,asian,young-adult,https://images.generated.photos/hGfCmAHJan3T69XuN8RWxrfk8vTZZ_EjrutaNmyUWjs/rs:fit:512:512/Z3M6Ly9nZW5lcmF0/ZWQtcGhvdG9zLzA5/OTk4MDkuanBn.jpg
5dd09cb0def8b400084dc541,female,asian,young-adult,https://images.generated.photos/BujS42TtGDrg6Ok1JNTTNNfk-6lGGf9BjhDX8I2THhY/rs:fit:512:512/Z3M6Ly9nZW5lcmF0/ZWQtcGhvdG9zLzA5/OTk0NDUuanBn.jpg
5dd09caadef8b400084dc4ff,female,asian,young-adult,https://images.generated.photos/NS71VXjChZOB-TuPz49LL7jG97uilbznJYSrqyFMhGQ/rs:fit:512:512/Z3M6Ly9nZW5lcmF0/ZWQtcGhvdG9zLzA5/OTg3NjEuanBn.jpg
5dd09ca4def8b400084dc4c4,female,asian,young-adult,https://images.generated.photos/rk2fKwoedKZjz8hmmsEOkVkGl7maK6UUiZlQ-AsYJZo/rs:fit:512:512/Z3M6Ly9nZW5lcmF0/ZWQtcGhvdG9zLzA5/OTgxODguanBn.jpg
5dd09ca4def8b400084dc4c3,female,asian,young-adult,https://images.generated.photos/wpUoMhRAlC-u5VQhCRn433qyP7DmMK-g6MuEcrPiHpo/rs:fit:512:512/Z3M6Ly9nZW5lcmF0/ZWQtcGhvdG9zLzA5/OTgxODMuanBn.jpg
5dd09ca2def8b400084dc4b5,female,asian,young-adult,https://images.generated.photos/KFakDuOVunisHT0iWtUYFcVHvisA7RUhCnlRkDSba7I/rs:fit:512:512/Z3M6Ly9nZW5lcmF0/ZWQtcGhvdG9zLzA5/OTgwOTguanBn.jpg
5dd09c9fdef8b400084dc48f,female,asian,young-adult,https://images.generated.photos/paQsJ54qeH5rueU0E4SWsm58oEkXvGUMjeXOHuch-G4/rs:fit:512:512/Z3M6Ly9nZW5lcmF0/ZWQtcGhvdG9zLzA5/OTc3MzMuanBn.jpg
5dd09c9edef8b400084dc489,female,asian,young-adult,https://images.generated.photos/lSIdLv9Kfz8pwil5fENfe4QuaCRHBo8V3DFMJQyXY-A/rs:fit:512:512/Z3M6Ly9nZW5lcmF0/ZWQtcGhvdG9zLzA5/OTc2NjkuanBn.jpg
5dd09c9edef8b400084dc487,female,asian,young-adult,https://images.generated.photos/9M85j3bVLCWY731b5Kiqu4HxVr_Xp0ZCW4ggAjG5yzU/rs:fit:512:512/Z3M6Ly9nZW5lcmF0/ZWQtcGhvdG9zLzA5/OTc2NjMuanBn.jpg
5dd09c9ddef8b400084dc47f,female,asian,young-adult,https://images.generated.photos/G1aAFyQ-D8ySFazgBB8YR3OKqkMYIFmqUbx206eQIvk/rs:fit:512:512/Z3M6Ly9nZW5lcmF0/ZWQtcGhvdG9zLzA5/OTc1OTAuanBn.jpg
5dd09cabdef8b400084dc50e,male,latino,adult,https://images.generated.photos/QLnNxDo8L3Rrmq7YHpEVCpCPRcgeFtOD0nematF6keE/rs:fit:512:512/Z3M6Ly9nZW5lcmF0/ZWQtcGhvdG9zLzA5/OTg4NTEuanBn.jpg
5dd09c95def8b400084dc422,male,latino,adult,https://images.generated.photos/aeSfpd8d2UFehYftTRSUx5VQ2IQN3Rdtjd0bYXJfC3k/rs:fit:512:512/Z3M6Ly9nZW5lcmF0/ZWQtcGhvdG9zLzA5/OTY4NjIuanBn.jpg
5dd09c76def8b400084dc2d3,male,latino,adult,https://images.generated.photos/ZRMidc71sr-pgkmsBC3GbB2G53o3AxaNzXx9Ww8EFBo/rs:fit:512:512/Z3M6Ly9nZW5lcmF0/ZWQtcGhvdG9zLzA5/OTMzOTguanBn.jpg
5dd09c47def8b400084dc0ca,male,latino,adult,https://images.generated.photos/Xa3oODdleQ__kTIXRYEkjXX2s3FUpKFDf-_hadE9lhQ/rs:fit:512:512/Z3M6Ly9nZW5lcmF0/ZWQtcGhvdG9zLzA5/ODgzODQuanBn.jpg
5dd09c0adef8b400084dbe2a,male,latino,adult,https://images.generated.photos/Zh1Vq8GP0z_eBnEd6sD6g5Qb5aCFz3K6735R93JKVco/rs:fit:512:512/Z3M6Ly9nZW5lcmF0/ZWQtcGhvdG9zLzA5/ODE4NDIuanBn.jpg
5dd09ba1def8b400084db9a1,male,latino,adult,https://images.generated.photos/H7TB2becEOgAjeENsN8vXcpcVtp30qw9RTb3eQYjKXM/rs:fit:512:512/Z3M6Ly9nZW5lcmF0/ZWQtcGhvdG9zLzA5/NzA2NTIuanBn.jpg
5dd09b85def8b400084db86e,male,latino,adult,https://images.generated.photos/D1WmgPQo8C_VrbuylveVHPJVgnhfNGTrnLP0Wmh5C14/rs:fit:512:512/Z3M6Ly9nZW5lcmF0/ZWQtcGhvdG9zLzA5/Njc4NDEuanBn.jpg
5dd09b7cdef8b400084db80c,male,latino,adult,https://images.generated.photos/IAtfCUeyJ9h03FuzWt-yaMany46viRwmZCXz_Kik6wA/rs:fit:512:512/Z3M6Ly9nZW5lcmF0/ZWQtcGhvdG9zLzA5/NjY4NzguanBn.jpg
5dd09b6fdef8b400084db779,male,latino,adult,https://images.generated.photos/Lbrqn7A2W0JsO6MU3e_FVJsi2NeGQSaLFXaJ4-18Ovg/rs:fit:512:512/Z3M6Ly9nZW5lcmF0/ZWQtcGhvdG9zLzA5/NjU2NjEuanBn.jpg
5dd09b4cdef8b400084db5e7,male,latino,adult,https://images.generated.photos/O9hwWstLL3Pdp7jGwFh0gzIs6IWUIB9T3-Bxyw_E0u4/rs:fit:512:512/Z3M6Ly9nZW5lcmF0/ZWQtcGhvdG9zLzA5/NjE4MzIuanBn.jpg
5dd09cb4def8b400084dc56f,male,white,young-adult,https://images.generated.photos/QaHbCf7SRuFeppnmIBd0tTKzoLAgLPiQYiTkjBwo6IQ/rs:fit:512:512/Z3M6Ly9nZW5lcmF0/ZWQtcGhvdG9zLzA5/OTk5MTcuanBn.jpg
5dd09cb3def8b400084dc563,male,white,young-adult,https://images.generated.photos/bYg98twnJccKmEY_T1Ia9E6px1zTn9dp_GmQxi3QJOg/rs:fit:512:512/Z3M6Ly9nZW5lcmF0/ZWQtcGhvdG9zLzA5/OTk4MjAuanBn.jpg
5dd09cb2def8b400084dc55e,male,white,young-adult,https://images.generated.photos/SzQqrNKPJztI6NhxIj90x-yK7ECA_MnTdNQqQMSoFyo/rs:fit:512:512/Z3M6Ly9nZW5lcmF0/ZWQtcGhvdG9zLzA5/OTk3OTMuanBn.jpg
5dd09cb2def8b400084dc55c,male,white,young-adult,https://images.generated.photos/1M5y2b6d0SU7RJ50S9pLdzB2yudegQ2xVxivkJIaIC4/rs:fit:512:512/Z3M6Ly9nZW5lcmF0/ZWQtcGhvdG9zLzA5/OTk3ODAuanBn.jpg
5dd09cb1def8b400084dc554,male,white,young-adult,https://images.generated.photos/1DCxGFumJPhI2jYq8rPkqy2iKaXDZsZXoYGwSHm5uZs/rs:fit:512:512/Z3M6Ly9nZW5lcmF0/ZWQtcGhvdG9zLzA5/OTk2OTMuanBn.jpg
5dd09cb0def8b400084dc548,male,white,young-adult,https://images.generated.photos/JBYdUq08VY75Wz78KF5AmVLJa-qjLEM34A9oJ_AsgsA/rs:fit:512:512/Z3M6Ly9nZW5lcmF0/ZWQtcGhvdG9zLzA5/OTk1NDEuanBn.jpg
5dd09cafdef8b400084dc53c,male,white,young-adult,https://images.generated.photos/HLyZ-DpIhhTSlFldvKRDQOma2JUAtexvJcQH5GXNbkk/rs:fit:512:512/Z3M6Ly9nZW5lcmF0/ZWQtcGhvdG9zLzA5/OTkzOTAuanBn.jpg
5dd09cafdef8b400084dc538,male,white,young-adult,https://images.generated.photos/TBrpw5w2oHUBNF2piehnawgZ3ou-cjP_zwynMCKLIdw/rs:fit:512:512/Z3M6Ly9nZW5lcmF0/ZWQtcGhvdG9zLzA5/OTkzNjMuanBn.jpg
5dd09cafdef8b400084dc536,male,white,young-adult,https://images.generated.photos/CyFXmnC_piYhiljkvTVbx-4SCtsEU-NhJV_HCkWfWIY/rs:fit:512:512/Z3M6Ly9nZW5lcmF0/ZWQtcGhvdG9zLzA5/OTkzNTguanBn.jpg
5dd09caedef8b400084dc530,male,white,young-adult,https://images.generated.photos/tqup7inP8GUGT91Cgm0AEPsLQ8eYhHdBeFQGBSFILy4/rs:fit:512:512/Z3M6Ly9nZW5lcmF0/ZWQtcGhvdG9zLzA5/OTkyODUuanBn.jpg
5dd09cb3def8b400084dc56b,female,white,adult,https://images.generated.photos/aNQYYS0hAZyxZ0qlqKbI-bERqUBV36z8xUK5jacrLEs/rs:fit:512:512/Z3M6Ly9nZW5lcmF0/ZWQtcGhvdG9zLzA5/OTk4ODIuanBn.jpg
5dd09cacdef8b400084dc51c,female,white,adult,https://images.generated.photos/y7Bns8m4C0uAv5Du1P6xT1hlOzWrqw7LpxWZbdmTGBc/rs:fit:512:512/Z3M6Ly9nZW5lcmF0/ZWQtcGhvdG9zLzA5/OTkwNTUuanBn.jpg
5dd09ca9def8b400084dc4f4,female,white,adult,https://images.generated.photos/T14TWrXsDLz_3iAsCZKzCM_RXTuzgdYyg_4_aovptWs/rs:fit:512:512/Z3M6Ly9nZW5lcmF0/ZWQtcGhvdG9zLzA5/OTg2MzcuanBn.jpg
5dd09ca8def8b400084dc4ed,female,white,adult,https://images.generated.photos/xJKi-M6Xe2tBUne7Bw0OHwsDA-r348mblWr_wPG0y_0/rs:fit:512:512/Z3M6Ly9nZW5lcmF0/ZWQtcGhvdG9zLzA5/OTg1OTMuanBn.jpg
5dd09ca3def8b400084dc4bb,female,white,adult,https://images.generated.photos/w8CtEByVr_lAoZBYPr8N4wgAr-uf-vt9hT4LtHBV3HI/rs:fit:512:512/Z3M6Ly9nZW5lcmF0/ZWQtcGhvdG9zLzA5/OTgxMzAuanBn.jpg
5dd09ca2def8b400084dc4af,female,white,adult,https://images.generated.photos/eDIzN8nagytpvzVz457tCkcfnV6eLq7jcmXFwUaPujM/rs:fit:512:512/Z3M6Ly9nZW5lcmF0/ZWQtcGhvdG9zLzA5/OTgwNDIuanBn.jpg
5dd09ca1def8b400084dc4ab,female,white,adult,https://images.generated.photos/oKxcwoM3nBhSK_GX-xkAQGEECAVFZBRCsiC0kQtqveo/rs:fit:512:512/Z3M6Ly9nZW5lcmF0/ZWQtcGhvdG9zLzA5/OTgwMTkuanBn.jpg
5dd09ca1def8b400084dc4a9,female,white,adult,https://images.generated.photos/9YWvScT1RgNNJ-bVW-Xd9dT71PvYJMlQZqamJjKC1FE/rs:fit:512:512/Z3M6Ly9nZW5lcmF0/ZWQtcGhvdG9zLzA5/OTgwMDQuanBn.jpg
5dd09c9edef8b400084dc482,female,white,adult,https://images.generated.photos/KtVmVIgEZHq26hQ5o2fIXdJU5dIj8ik0eE9Ti960UyI/rs:fit:512:512/Z3M6Ly9nZW5lcmF0/ZWQtcGhvdG9zLzA5/OTc2MjQuanBn.jpg
5dd09c9cdef8b400084dc46b,female,white,adult,https://images.generated.photos/xutQfSXqMjiqWglMGla7qfQ2qzOGeWs8AjrbwEZnTjg/rs:fit:512:512/Z3M6Ly9nZW5lcmF0/ZWQtcGhvdG9zLzA5/OTc0MDIuanBn.jpg
5dd09b65def8b400084db703,female,black,adult,https://images.generated.photos/YCIJMPUvHT4KG33tyThr5zZGoLIwCu5vUoa6Tp4_x4c/rs:fit:512:512/Z3M6Ly9nZW5lcmF0/ZWQtcGhvdG9zLzA5/NjQ0NDkuanBn.jpg
5dd099dbdef8b400084da59a,female,black,adult,https://images.generated.photos/RllZv9tdxpqpEbtbmJq4IxCPKteb3mpoP3keRAqNuLc/rs:fit:512:512/Z3M6Ly9nZW5lcmF0/ZWQtcGhvdG9zLzA5/MjM0MzYuanBn.jpg
5dd09837def8b400084d9271,female,black,adult,https://images.generated.photos/RKXICXuLrXEeIrEoooO3oQHksw1teOZxTvfZRwDwtP8/rs:fit:512:512/Z3M6Ly9nZW5lcmF0/ZWQtcGhvdG9zLzA4/NzcxNTQuanBn.jpg
5dd09361def8b400084d5590,female,black,adult,https://images.generated.photos/gx24osNdx_pEiZR35pRiXLsw_hK6DUt1ltV7yHKAHVA/rs:fit:512:512/Z3M6Ly9nZW5lcmF0/ZWQtcGhvdG9zLzA3/Mjc4MzQuanBn.jpg
5dd091ebdef8b400084d41e9,female,black,adult,https://images.generated.photos/4t17AD-iTbaLiM46arZvVqOxXqdhZAerQ9ZV3-zhO5c/rs:fit:512:512/Z3M6Ly9nZW5lcmF0/ZWQtcGhvdG9zLzA2/ODEwODYuanBn.jpg
5dd091e2def8b400084d4174,female,black,adult,https://images.generated.photos/IVEKrFHxSiBxf8PyTodAsvkUrfs-TofRbxs3Wf1jDRo/rs:fit:512:512/Z3M6Ly9nZW5lcmF0/ZWQtcGhvdG9zLzA2/Nzk5NTcuanBn.jpg
5dd09059def8b400084d2bbe,female,black,adult,https://images.generated.photos/QrBQ6STMh2dBY7-HVmq9jJEjLnbUe94u7WdZ3OzKPEU/rs:fit:512:512/Z3M6Ly9nZW5lcmF0/ZWQtcGhvdG9zLzA2/Mjc1NDMuanBn.jpg
5dd08fe1def8b400084d24e1,female,black,adult,https://images.generated.photos/qIpKAw6kbMBxrN5pYGNme1WSduxGNCUp6cvlWgcd_7M/rs:fit:512:512/Z3M6Ly9nZW5lcmF0/ZWQtcGhvdG9zLzA2/MTA3NzYuanBn.jpg
5dd08b6bdef8b400084cdda5,female,black,adult,https://images.generated.photos/Ejz4ZwVyRfTaF-06U3iQshu9VsJII0zbQpupDo2IDy4/rs:fit:512:512/Z3M6Ly9nZW5lcmF0/ZWQtcGhvdG9zLzA0/MzcyNzUuanBn.jpg
5dd08a64def8b400084ccae7,female,black,adult,https://images.generated.photos/xkenDbduby8nwvVFDNiF6tz4o_792OblBT2eA130XEY/rs:fit:512:512/Z3M6Ly9nZW5lcmF0/ZWQtcGhvdG9zLzAz/OTIwNjguanBn.jpg
